timestamp,original_user_message,event_title,user_selected_calendar_name
2025-11-17T23:45:05.672626,Arnav Thakare's Birthday,Arnav Thakare's Birthday,Birthdays
2025-11-17T23:45:05.672978,Ansh Tharwani's Birthday,Ansh Tharwani's Birthday,Birthdays
2025-11-17T23:45:05.673170,Eeshan Folane’s birthday ,Eeshan Folane’s birthday ,Birthdays
2025-11-17T23:45:05.673341,Dad's Birthday,Dad's Birthday,Birthdays
2025-11-17T23:45:05.673516,Mom-Dad's Aniversary ,Mom-Dad's Aniversary ,Birthdays
2025-11-17T23:45:05.673704,Shonn More's Birthday,Shonn More's Birthday,Birthdays
2025-11-17T23:45:05.673860,Swarit Verma's Birthday,Swarit Verma's Birthday,Birthdays
2025-11-17T23:45:05.674009,Arnav Thakare's Birthday,Arnav Thakare's Birthday,Birthdays
2025-11-17T23:45:05.674920,Champa Ba’s Birthday ,Champa Ba’s Birthday ,Birthdays
2025-11-17T23:45:05.675319,Adnan Kashi's Birthday,Adnan Kashi's Birthday,Birthdays
2025-11-17T23:45:05.675653,Vatsal Vegad's Birthday,Vatsal Vegad's Birthday,Birthdays
2025-11-17T23:45:05.675830,Ansh Tharwani's Birthday,Ansh Tharwani's Birthday,Birthdays
2025-11-17T23:45:05.676002,Devansh Thakkar's Birthday,Devansh Thakkar's Birthday,Birthdays
2025-11-17T23:45:05.676168,Shobhit Nirwan's Birthday,Shobhit Nirwan's Birthday,Birthdays
2025-11-17T23:45:05.676316,Dad's Birthday,Dad's Birthday,Birthdays
2025-11-17T23:45:05.676505,Mom-Dad's Aniversary ,Mom-Dad's Aniversary ,Birthdays
2025-11-17T23:45:05.676758,Swarit Verma's Birthday,Swarit Verma's Birthday,Birthdays
2025-11-17T23:45:05.677388,Shonn More's Birthday,Shonn More's Birthday,Birthdays
2025-11-17T23:45:05.677915,Adhya Shree's Birthday,Adhya Shree's Birthday,Birthdays
2025-11-17T23:45:05.678817,Arnav Thakare's Birthday,Arnav Thakare's Birthday,Birthdays
2025-11-17T23:45:05.679193,Champa Ba’s Birthday ,Champa Ba’s Birthday ,Birthdays
2025-11-17T23:45:05.679648,Adnan Kashi's Birthday,Adnan Kashi's Birthday,Birthdays
2025-11-17T23:45:05.679851,Vatsal Vegad's Birthday,Vatsal Vegad's Birthday,Birthdays
2025-11-17T23:45:05.680108,Ansh Tharwani's Birthday,Ansh Tharwani's Birthday,Birthdays
2025-11-17T23:45:05.680355,Devansh Thakkar's Birthday,Devansh Thakkar's Birthday,Birthdays
2025-11-17T23:45:05.680602,Dad's Birthday,Dad's Birthday,Birthdays
2025-11-17T23:45:05.680847,Mom-Dad's Aniversary ,Mom-Dad's Aniversary ,Birthdays
2025-11-17T23:45:05.681087,Swarit Verma's Birthday,Swarit Verma's Birthday,Birthdays
2025-11-17T23:45:05.681420,Shonn More's Birthday,Shonn More's Birthday,Birthdays
2025-11-17T23:45:05.681626,Adhya Shree's Birthday,Adhya Shree's Birthday,Birthdays
2025-11-17T23:45:05.681899,Pranav's Birthday,Pranav's Birthday,Birthdays
2025-11-17T23:45:05.682144,Kaavya's Birthday,Kaavya's Birthday,Birthdays
2025-11-17T23:45:06.666130,Exercise ,Exercise ,My Routine
2025-11-17T23:45:06.666714,Wake up and Get Ready,Wake up and Get Ready,My Routine
2025-11-17T23:45:06.666946,Book Reading,Book Reading,My Routine
2025-11-17T23:45:06.667125,Exercise,Exercise,My Routine
2025-11-17T23:45:06.667294,Rich Dad Poor Dad kukufm,Rich Dad Poor Dad kukufm,My Routine
2025-11-17T23:45:06.667459,Flute Practice ,Flute Practice ,My Routine
2025-11-17T23:45:06.667624,School,School,My Routine
2025-11-17T23:45:06.667784,Sanskrit Tuitions,Sanskrit Tuitions,My Routine
2025-11-17T23:45:06.667970,Tuitions,Tuitions,My Routine
2025-11-17T23:45:06.668142,School,School,My Routine
2025-11-17T23:45:06.668312,Exercise,Exercise,My Routine
2025-11-17T23:45:06.668482,Tuitions,Tuitions,My Routine
2025-11-17T23:45:06.668642,Exercise and bath,Exercise and bath,My Routine
2025-11-17T23:45:06.668812,Book Reading,Book Reading,My Routine
2025-11-17T23:45:06.668968,Tuitions,Tuitions,My Routine
2025-11-17T23:45:06.669126,Tuitions,Tuitions,My Routine
2025-11-17T23:45:06.669284,Tuitions,Tuitions,My Routine
2025-11-17T23:45:06.669445,Tuitions,Tuitions,My Routine
2025-11-17T23:45:06.669604,Tuitions,Tuitions,My Routine
2025-11-17T23:45:06.669764,Tuitions,Tuitions,My Routine
2025-11-17T23:45:06.669886,Wakeup and Get Ready,Wakeup and Get Ready,My Routine
2025-11-17T23:45:06.670030,Exercise,Exercise,My Routine
2025-11-17T23:45:06.670179,Reading,Reading,My Routine
2025-11-17T23:45:06.670304,Wakeup and Get Ready,Wakeup and Get Ready,My Routine
2025-11-17T23:45:06.670559,Book Reading,Book Reading,My Routine
2025-11-17T23:45:06.670701,Exercise,Exercise,My Routine
2025-11-17T23:45:06.670837,Wakeup and Get Ready,Wakeup and Get Ready,My Routine
2025-11-17T23:45:06.670961,Exercise,Exercise,My Routine
2025-11-17T23:45:06.671080,Book Reading,Book Reading,My Routine
2025-11-17T23:45:06.671215,School,School,My Routine
2025-11-17T23:45:06.671332,Exercise ,Exercise ,My Routine
2025-11-17T23:45:06.671469,Tuitions,Tuitions,My Routine
2025-11-17T23:45:06.671592,Book Reading,Book Reading,My Routine
2025-11-17T23:45:06.671716,School,School,My Routine
2025-11-17T23:45:06.671847,Exercise,Exercise,My Routine
2025-11-17T23:45:06.671969,Tuitions,Tuitions,My Routine
2025-11-17T23:45:06.672087,School,School,My Routine
2025-11-17T23:45:06.672220,Sanskrit Tuitions,Sanskrit Tuitions,My Routine
2025-11-17T23:45:06.672340,Tuitions,Tuitions,My Routine
2025-11-17T23:45:06.672474,School,School,My Routine
2025-11-17T23:45:06.672595,Tuitions,Tuitions,My Routine
2025-11-17T23:45:06.672732,School,School,My Routine
2025-11-17T23:45:06.672859,Tuitions,Tuitions,My Routine
2025-11-17T23:45:06.672980,School,School,My Routine
2025-11-17T23:45:06.673099,Sanskrit Tuitions,Sanskrit Tuitions,My Routine
2025-11-17T23:45:06.673218,Tuitions,Tuitions,My Routine
2025-11-17T23:45:06.673344,School,School,My Routine
2025-11-17T23:45:06.673469,Tuitions,Tuitions,My Routine
2025-11-17T23:45:06.673611,School,School,My Routine
2025-11-17T23:45:06.673734,Exercise,Exercise,My Routine
2025-11-17T23:45:06.673868,Sanskrit Tuitions,Sanskrit Tuitions,My Routine
2025-11-17T23:45:06.673989,Tuitions,Tuitions,My Routine
2025-11-17T23:45:06.674108,School,School,My Routine
2025-11-17T23:45:06.674292,Exercise,Exercise,My Routine
2025-11-17T23:45:06.674588,Tuitions,Tuitions,My Routine
2025-11-17T23:45:06.674789,School,School,My Routine
2025-11-17T23:45:06.674945,Exercise,Exercise,My Routine
2025-11-17T23:45:06.675105,Tuitions,Tuitions,My Routine
2025-11-17T23:45:06.675272,Wakeup and Routine,Wakeup and Routine,My Routine
2025-11-17T23:45:06.675425,Exercise,Exercise,My Routine
2025-11-17T23:45:06.675573,Duolingo and Read - Building and StoryBrand,Duolingo and Read - Building and StoryBrand,My Routine
2025-11-17T23:45:06.675745,Wakeup and Routine,Wakeup and Routine,My Routine
2025-11-17T23:45:06.675912,Exercise,Exercise,My Routine
2025-11-17T23:45:06.676348,Complete Duolingo Task and Read Book: Make It Stick,Complete Duolingo Task and Read Book: Make It Stick,My Routine
2025-11-17T23:45:06.676679,Wakeup and Routine ,Wakeup and Routine ,My Routine
2025-11-17T23:45:06.677016,Duolingo and meditation ,Duolingo and meditation ,My Routine
2025-11-17T23:45:06.677681,Exercise ,Exercise ,My Routine
2025-11-17T23:45:06.678180,Sanskrit Tuitions,Sanskrit Tuitions,My Routine
2025-11-17T23:45:06.678357,Mathematics Test,Mathematics Test,My Routine
2025-11-17T23:45:06.678651,Book Reading ,Book Reading ,My Routine
2025-11-17T23:45:06.678855,Wakeup and Routine ,Wakeup and Routine ,My Routine
2025-11-17T23:45:06.679004,Duolingo,Duolingo,My Routine
2025-11-17T23:45:06.679175,Duolingo,Duolingo,My Routine
2025-11-17T23:45:06.679341,Book Reading,Book Reading,My Routine
2025-11-17T23:45:06.679498,Exercise,Exercise,My Routine
2025-11-17T23:45:06.679720,Tuitions,Tuitions,My Routine
2025-11-17T23:45:06.680017,Book Reading,Book Reading,My Routine
2025-11-17T23:45:06.680416,Sanskrit Exam - Preboard 1,Sanskrit Exam - Preboard 1,My Routine
2025-11-17T23:45:06.680576,Lunch and Rest,Lunch and Rest,My Routine
2025-11-17T23:45:06.680731,Duolingo,Duolingo,My Routine
2025-11-17T23:45:06.680904,Exercise,Exercise,My Routine
2025-11-17T23:45:06.681099,Tuitions,Tuitions,My Routine
2025-11-17T23:45:06.681257,"Read Make it Stick, Stretch, Meditate, Sleep","Read Make it Stick, Stretch, Meditate, Sleep",My Routine
2025-11-17T23:45:06.681434,Wake Up and Routine,Wake Up and Routine,My Routine
2025-11-17T23:45:06.681751,Tuitions,Tuitions,My Routine
2025-11-17T23:45:06.681950,SSC Exam - Preboard 1,SSC Exam - Preboard 1,My Routine
2025-11-17T23:45:06.682303,Exercise,Exercise,My Routine
2025-11-17T23:45:06.682593,Tuitions,Tuitions,My Routine
2025-11-17T23:45:06.682882,Wakeup and Routine,Wakeup and Routine,My Routine
2025-11-17T23:45:06.683231,Read Make it Stick,Read Make it Stick,My Routine
2025-11-17T23:45:06.683524,Science Exam - Preboard 1,Science Exam - Preboard 1,My Routine
2025-11-17T23:45:06.683789,Sanskrit Tuitions,Sanskrit Tuitions,My Routine
2025-11-17T23:45:06.683996,Tuitions,Tuitions,My Routine
2025-11-17T23:45:06.684143,Read Make It Stick,Read Make It Stick,My Routine
2025-11-17T23:45:06.684278,Read Make It Stick,Read Make It Stick,My Routine
2025-11-17T23:45:06.684400,Tuitions,Tuitions,My Routine
2025-11-17T23:45:06.684582,English Exam - Preboard 1,English Exam - Preboard 1,My Routine
2025-11-17T23:45:06.684742,Exercise,Exercise,My Routine
2025-11-17T23:45:06.684936,Sanskrit Tuitions,Sanskrit Tuitions,My Routine
2025-11-17T23:45:06.685125,Tuitions,Tuitions,My Routine
2025-11-17T23:45:06.685275,Tuitions,Tuitions,My Routine
2025-11-17T23:45:06.685402,AI Exam - Preboard 1,AI Exam - Preboard 1,My Routine
2025-11-17T23:45:06.685525,Tuitions,Tuitions,My Routine
2025-11-17T23:45:06.685648,BREAK,BREAK,My Routine
2025-11-17T23:45:06.685769,Maths Exam - Preboard 1,Maths Exam - Preboard 1,My Routine
2025-11-17T23:45:06.685904,Sanskrit Tuitions,Sanskrit Tuitions,My Routine
2025-11-17T23:45:06.686073,Physics and Chemistry Test,Physics and Chemistry Test,My Routine
2025-11-17T23:45:06.686213,Tuitions,Tuitions,My Routine
2025-11-17T23:45:06.686334,Morning Routine,Morning Routine,My Routine
2025-11-17T23:45:06.686456,Read MAKE IT STICK,Read MAKE IT STICK,My Routine
2025-11-17T23:45:06.686581,Sanskrit Tuitions,Sanskrit Tuitions,My Routine
2025-11-17T23:45:06.686706,Tuitions,Tuitions,My Routine
2025-11-17T23:45:06.686827,Exercise Time,Exercise Time,My Routine
2025-11-17T23:45:06.686956,Go to Sleep while reading book,Go to Sleep while reading book,My Routine
2025-11-17T23:45:06.687083,Read MAKE IT STICK,Read MAKE IT STICK,My Routine
2025-11-17T23:45:06.687203,Tuitions,Tuitions,My Routine
2025-11-17T23:45:06.687324,Read MAKE IT STICK,Read MAKE IT STICK,My Routine
2025-11-17T23:45:06.687444,Exercise,Exercise,My Routine
2025-11-17T23:45:06.687574,Tuitions,Tuitions,My Routine
2025-11-17T23:45:06.687694,Wake Up + Morning Routine + Exercise,Wake Up + Morning Routine + Exercise,My Routine
2025-11-17T23:45:06.687814,Read MAKE IT STICK,Read MAKE IT STICK,My Routine
2025-11-17T23:45:06.687934,Duolingo,Duolingo,My Routine
2025-11-17T23:45:06.688051,Lunch And Break,Lunch And Break,My Routine
2025-11-17T23:45:06.688184,Read MAKE IT STICK,Read MAKE IT STICK,My Routine
2025-11-17T23:45:06.688321,Dinner and Reading,Dinner and Reading,My Routine
2025-11-17T23:45:06.688443,Check out Watch Later,Check out Watch Later,My Routine
2025-11-17T23:45:06.688565,Before Sleep Routine  + Reading,Before Sleep Routine  + Reading,My Routine
2025-11-17T23:45:06.688685,Wake Up + Morning Routine + Exercise,Wake Up + Morning Routine + Exercise,My Routine
2025-11-17T23:45:06.688805,Read MAKE IT STICK,Read MAKE IT STICK,My Routine
2025-11-17T23:45:06.688928,Duolingo,Duolingo,My Routine
2025-11-17T23:45:06.689047,Lunch and Reading,Lunch and Reading,My Routine
2025-11-17T23:45:06.689166,read MAKE IT STICK,read MAKE IT STICK,My Routine
2025-11-17T23:45:06.689287,Dinner and Reading,Dinner and Reading,My Routine
2025-11-17T23:45:06.689406,Before Sleep Routine + Reading,Before Sleep Routine + Reading,My Routine
2025-11-17T23:45:06.689537,Wake Up + Morning Routine + Exercise,Wake Up + Morning Routine + Exercise,My Routine
2025-11-17T23:45:06.689657,Lunch and book reading,Lunch and book reading,My Routine
2025-11-17T23:45:06.689777,Tuitions,Tuitions,My Routine
2025-11-17T23:45:06.689895,Book Reading,Book Reading,My Routine
2025-11-17T23:45:06.690012,Dinner and Reading,Dinner and Reading,My Routine
2025-11-17T23:45:06.690157,Before Sleep Routine + Reading,Before Sleep Routine + Reading,My Routine
2025-11-17T23:45:06.690281,Wake Up + Morning Routine + Exercise,Wake Up + Morning Routine + Exercise,My Routine
2025-11-17T23:45:06.690403,Science full syllabus test,Science full syllabus test,My Routine
2025-11-17T23:45:06.690535,Lunch and Book Reading,Lunch and Book Reading,My Routine
2025-11-17T23:45:06.690661,Reading books,Reading books,My Routine
2025-11-17T23:45:06.690795,Dinner and Book Reading,Dinner and Book Reading,My Routine
2025-11-17T23:45:06.690947,Before Sleep Routine + Reading,Before Sleep Routine + Reading,My Routine
2025-11-17T23:45:06.691121,Wake Up + Morning Routine + Exercise,Wake Up + Morning Routine + Exercise,My Routine
2025-11-17T23:45:06.691280,Lunch and Break,Lunch and Break,My Routine
2025-11-17T23:45:06.691409,Maths Revisiion,Maths Revisiion,My Routine
2025-11-17T23:45:06.691539,Break,Break,My Routine
2025-11-17T23:45:06.691703,Reading Book,Reading Book,My Routine
2025-11-17T23:45:06.691857,Dinner and Reading,Dinner and Reading,My Routine
2025-11-17T23:45:06.692004,Before Sleep Routine + Reading,Before Sleep Routine + Reading,My Routine
2025-11-17T23:45:06.692130,Wake Up + Morning Routine + Exercise,Wake Up + Morning Routine + Exercise,My Routine
2025-11-17T23:45:06.692268,Lunch and Break,Lunch and Break,My Routine
2025-11-17T23:45:06.692393,"Maths Revision
","Maths Revision
",My Routine
2025-11-17T23:45:06.692530,Book Reading,Book Reading,My Routine
2025-11-17T23:45:06.692653,Reading Book,Reading Book,My Routine
2025-11-17T23:45:06.692787,Read Book,Read Book,My Routine
2025-11-17T23:45:06.692908,Dinner and Reading,Dinner and Reading,My Routine
2025-11-17T23:45:06.693038,Before Sleep Routine + Reading,Before Sleep Routine + Reading,My Routine
2025-11-17T23:45:06.693161,Wake Up + Follow Morning Routine,Wake Up + Follow Morning Routine,My Routine
2025-11-17T23:45:06.693295,Go for Sprint  + Cycling + Skipping,Go for Sprint  + Cycling + Skipping,My Routine
2025-11-17T23:45:06.693418,Do Body Weight Exercises,Do Body Weight Exercises,My Routine
2025-11-17T23:45:06.693562,Bath + Eat Breakfast,Bath + Eat Breakfast,My Routine
2025-11-17T23:45:06.693689,Eat lunch and take break,Eat lunch and take break,My Routine
2025-11-17T23:45:06.693816,Solve Full syllabus maths test,Solve Full syllabus maths test,My Routine
2025-11-17T23:45:06.693939,Read a Book,Read a Book,My Routine
2025-11-17T23:45:06.694068,Eat dinner and read a book,Eat dinner and read a book,My Routine
2025-11-17T23:45:06.694215,Go to sleep while listening to a podcast or reading a book,Go to sleep while listening to a podcast or reading a book,My Routine
2025-11-17T23:45:06.694356,Wake Up + Follow Morning Routine,Wake Up + Follow Morning Routine,My Routine
2025-11-17T23:45:06.694482,Go for Sprint  + Cycling + Skipping,Go for Sprint  + Cycling + Skipping,My Routine
2025-11-17T23:45:06.694622,Do Body Weight Exercises,Do Body Weight Exercises,My Routine
2025-11-17T23:45:06.694745,Bath + Eat Breakfast,Bath + Eat Breakfast,My Routine
2025-11-17T23:45:06.694879,Read a book,Read a book,My Routine
2025-11-17T23:45:06.695009,Read a book,Read a book,My Routine
2025-11-17T23:45:06.695157,Lunch and break [ NO SCREEN ],Lunch and break [ NO SCREEN ],My Routine
2025-11-17T23:45:06.695305,Read a book,Read a book,My Routine
2025-11-17T23:45:06.695442,Eat dinner and read a book,Eat dinner and read a book,My Routine
2025-11-17T23:45:06.695567,Go to sleep while listening to a podcast or reading a book,Go to sleep while listening to a podcast or reading a book,My Routine
2025-11-17T23:45:06.695703,Wake Up + Follow Morning Routine,Wake Up + Follow Morning Routine,My Routine
2025-11-17T23:45:06.695826,Go for Sprint  + Cycling + Skipping,Go for Sprint  + Cycling + Skipping,My Routine
2025-11-17T23:45:06.695965,Do Body Weight Exercises,Do Body Weight Exercises,My Routine
2025-11-17T23:45:06.696098,Bath + Eat Breakfast,Bath + Eat Breakfast,My Routine
2025-11-17T23:45:06.696233,Read a book,Read a book,My Routine
2025-11-17T23:45:06.696420,Read a book,Read a book,My Routine
2025-11-17T23:45:06.696562,Lunch and break [ NO SCREEN ],Lunch and break [ NO SCREEN ],My Routine
2025-11-17T23:45:06.696698,Eat dinner and read a book,Eat dinner and read a book,My Routine
2025-11-17T23:45:06.696832,Go to sleep while listening to a podcast or reading a book,Go to sleep while listening to a podcast or reading a book,My Routine
2025-11-17T23:45:06.696953,Lunch and Break,Lunch and Break,My Routine
2025-11-17T23:45:06.697106,Read 20 pages of Make It Stick,Read 20 pages of Make It Stick,My Routine
2025-11-17T23:45:06.697279,Read 20 pages of Make It Stick,Read 20 pages of Make It Stick,My Routine
2025-11-17T23:45:06.697450,Dinner + Break,Dinner + Break,My Routine
2025-11-17T23:45:06.697576,Go to sleep while listening to a podcast or reading a book,Go to sleep while listening to a podcast or reading a book,My Routine
2025-11-17T23:45:06.697699,Wake Up + Follow Morning Routine,Wake Up + Follow Morning Routine,My Routine
2025-11-17T23:45:06.697821,Go for Sprint  + Cycling + Skipping,Go for Sprint  + Cycling + Skipping,My Routine
2025-11-17T23:45:06.697942,Do Body Weight Exercises,Do Body Weight Exercises,My Routine
2025-11-17T23:45:06.698062,Bath + Eat Breakfast,Bath + Eat Breakfast,My Routine
2025-11-17T23:45:06.698181,Read a Book,Read a Book,My Routine
2025-11-17T23:45:06.698300,Lunch and Solve Maths Questions,Lunch and Solve Maths Questions,My Routine
2025-11-17T23:45:06.698419,Read a Book,Read a Book,My Routine
2025-11-17T23:45:06.698539,Tuitions,Tuitions,My Routine
2025-11-17T23:45:06.698658,Read a book,Read a book,My Routine
2025-11-17T23:45:06.698781,Go to sleep while listening to a podcast or reading a book,Go to sleep while listening to a podcast or reading a book,My Routine
2025-11-17T23:45:06.698902,Wake Up + Follow Morning Routine,Wake Up + Follow Morning Routine,My Routine
2025-11-17T23:45:06.699023,Go for Sprint  + Cycling + Skipping,Go for Sprint  + Cycling + Skipping,My Routine
2025-11-17T23:45:06.699144,Do Body Weight Exercises,Do Body Weight Exercises,My Routine
2025-11-17T23:45:06.699263,Bath + Eat Breakfast,Bath + Eat Breakfast,My Routine
2025-11-17T23:45:06.699381,Read a Book,Read a Book,My Routine
2025-11-17T23:45:06.699500,Read a Book,Read a Book,My Routine
2025-11-17T23:45:06.699619,Lunch and Break,Lunch and Break,My Routine
2025-11-17T23:45:06.699737,Read a Book,Read a Book,My Routine
2025-11-17T23:45:06.699856,Tuitions,Tuitions,My Routine
2025-11-17T23:45:06.699975,Go to sleep while listening to a podcast or reading a book,Go to sleep while listening to a podcast or reading a book,My Routine
2025-11-17T23:45:06.700097,Wake Up + Follow Morning Routine,Wake Up + Follow Morning Routine,My Routine
2025-11-17T23:45:06.700232,Go for Sprint  + Cycling + Skipping,Go for Sprint  + Cycling + Skipping,My Routine
2025-11-17T23:45:06.700358,Bath + Eat Breakfast,Bath + Eat Breakfast,My Routine
2025-11-17T23:45:06.700480,Read a Book,Read a Book,My Routine
2025-11-17T23:45:06.700606,Read a Book,Read a Book,My Routine
2025-11-17T23:45:06.700726,Lunch and Break,Lunch and Break,My Routine
2025-11-17T23:45:06.700845,Tuitions,Tuitions,My Routine
2025-11-17T23:45:06.700964,Dinner + Control and Coordination,Dinner + Control and Coordination,My Routine
2025-11-17T23:45:06.701083,Go to sleep while listening to a podcast or reading a book,Go to sleep while listening to a podcast or reading a book,My Routine
2025-11-17T23:45:06.701205,Wake Up + Follow Morning Routine,Wake Up + Follow Morning Routine,My Routine
2025-11-17T23:45:06.701325,Go for Sprint  + Cycling + Skipping,Go for Sprint  + Cycling + Skipping,My Routine
2025-11-17T23:45:06.701445,Bath + Eat Breakfast,Bath + Eat Breakfast,My Routine
2025-11-17T23:45:06.701567,Read a Book,Read a Book,My Routine
2025-11-17T23:45:06.701691,Read a Book,Read a Book,My Routine
2025-11-17T23:45:06.701829,Read a Book,Read a Book,My Routine
2025-11-17T23:45:06.701970,Lunch and Book Reading,Lunch and Book Reading,My Routine
2025-11-17T23:45:06.702106,Tuitions,Tuitions,My Routine
2025-11-17T23:45:06.702269,Read a Book,Read a Book,My Routine
2025-11-17T23:45:06.702412,Dinner + Book Reading,Dinner + Book Reading,My Routine
2025-11-17T23:45:06.702551,Go to sleep while listening to a podcast or reading a book,Go to sleep while listening to a podcast or reading a book,My Routine
2025-11-17T23:45:06.702693,AI Mock Test Practical,AI Mock Test Practical,My Routine
2025-11-17T23:45:06.702826,Sanskrit Tuitions,Sanskrit Tuitions,My Routine
2025-11-17T23:45:06.702948,Tuitions,Tuitions,My Routine
2025-11-17T23:45:06.703075,Dinner + Book Reading,Dinner + Book Reading,My Routine
2025-11-17T23:45:06.703210,Journal Writing + Year Book ko likhna,Journal Writing + Year Book ko likhna,My Routine
2025-11-17T23:45:06.703345,Wake Up + Follow Morning Routine,Wake Up + Follow Morning Routine,My Routine
2025-11-17T23:45:06.703469,Go for Sprint  + Cycling + Skipping,Go for Sprint  + Cycling + Skipping,My Routine
2025-11-17T23:45:06.703603,Bath + Eat Breakfast,Bath + Eat Breakfast,My Routine
2025-11-17T23:45:06.703723,Lunch and Break Time,Lunch and Break Time,My Routine
2025-11-17T23:45:06.703843,Tuitions,Tuitions,My Routine
2025-11-17T23:45:06.703962,Daily Productivity 30 day Challenge after reading 20 pages book reading,Daily Productivity 30 day Challenge after reading 20 pages book reading,My Routine
2025-11-17T23:45:06.704089,Plan Next Day and Go To Sleep,Plan Next Day and Go To Sleep,My Routine
2025-11-17T23:45:06.704215,Wake Up + Follow Morning Routine,Wake Up + Follow Morning Routine,My Routine
2025-11-17T23:45:06.704336,Go for Sprint  + Cycling + Skipping,Go for Sprint  + Cycling + Skipping,My Routine
2025-11-17T23:45:06.704455,Bath + Eat Breakfast,Bath + Eat Breakfast,My Routine
2025-11-17T23:45:06.704574,Write Swadhyay Journal ,Write Swadhyay Journal ,My Routine
2025-11-17T23:45:07.426397,Tracking System,Tracking System,Projects / Work
2025-11-17T23:45:07.426767,Dhanvi Bday Video Editing,Dhanvi Bday Video Editing,Projects / Work
2025-11-17T23:45:07.426942,Course App,Course App,Projects / Work
2025-11-17T23:45:07.427098,Dhanvi Birthday Video,Dhanvi Birthday Video,Projects / Work
2025-11-17T23:45:07.427257,Dhanvi Birthday Video,Dhanvi Birthday Video,Projects / Work
2025-11-17T23:45:07.427381,LMS Development,LMS Development,Projects / Work
2025-11-17T23:45:07.427502,LMS DEVELOPMENT ,LMS DEVELOPMENT ,Projects / Work
2025-11-17T23:45:07.427632,Dhanvi Birthday Video,Dhanvi Birthday Video,Projects / Work
2025-11-17T23:45:07.427773,Dhanvi Birthday Video ,Dhanvi Birthday Video ,Projects / Work
2025-11-17T23:45:07.427903,LMS DEVELOPMENT ,LMS DEVELOPMENT ,Projects / Work
2025-11-17T23:45:07.428022,LMS Development,LMS Development,Projects / Work
2025-11-17T23:45:07.428160,Authentication,Authentication,Projects / Work
2025-11-17T23:45:07.428308,Sigma Web Development Course + Lunch,Sigma Web Development Course + Lunch,Projects / Work
2025-11-17T23:45:07.428449,Sigma Web Development Course + Dinner,Sigma Web Development Course + Dinner,Projects / Work
2025-11-17T23:45:07.428578,Sigma Web Development Course,Sigma Web Development Course,Projects / Work
2025-11-17T23:45:07.428702,Authentication,Authentication,Projects / Work
2025-11-17T23:45:07.428824,Sigma Web Development Course + Dinner,Sigma Web Development Course + Dinner,Projects / Work
2025-11-17T23:45:07.428963,Sigma Web Development Course,Sigma Web Development Course,Projects / Work
2025-11-17T23:45:07.429163,Sigma Web Development Course,Sigma Web Development Course,Projects / Work
2025-11-17T23:45:07.429300,Notion Making,Notion Making,Projects / Work
2025-11-17T23:45:07.429423,Dhanvi Project,Dhanvi Project,Projects / Work
2025-11-17T23:45:07.429544,Adding Routine Views to Productive Brain in Notion,Adding Routine Views to Productive Brain in Notion,Projects / Work
2025-11-17T23:45:07.429668,Write Swadhyay Script,Write Swadhyay Script,Projects / Work
2025-11-17T23:45:07.429809,Write Swadhyay Script,Write Swadhyay Script,Projects / Work
2025-11-17T23:45:07.429938,Swadhyay Speech Practice,Swadhyay Speech Practice,Projects / Work
2025-11-17T23:45:07.430108,Swadhyay Speech Practice,Swadhyay Speech Practice,Projects / Work
2025-11-17T23:45:07.430242,Swadhyay Speech Practice,Swadhyay Speech Practice,Projects / Work
2025-11-17T23:45:07.430364,"Make an Habit Calendar for rest of December, January and February","Make an Habit Calendar for rest of December, January and February",Projects / Work
2025-11-17T23:45:07.430613,Write the code and schematic for Door Project,Write the code and schematic for Door Project,Projects / Work
2025-11-17T23:45:07.430742,Build a Contacts App,Build a Contacts App,Projects / Work
2025-11-17T23:45:07.430864,Write Arduino Code,Write Arduino Code,Projects / Work
2025-11-17T23:45:07.431003,Make a Spaced Repition Varied Practice System,Make a Spaced Repition Varied Practice System,Projects / Work
2025-11-17T23:45:07.431128,Write the Arduino Code,Write the Arduino Code,Projects / Work
2025-11-17T23:45:07.431252,Learn about How CPU Works,Learn about How CPU Works,Projects / Work
2025-11-17T23:45:07.431391,Arduino Project Meeting,Arduino Project Meeting,Projects / Work
2025-11-17T23:45:07.431511,Make a Web-based birthday gift for Arnav,Make a Web-based birthday gift for Arnav,Projects / Work
2025-11-17T23:45:07.431633,Make Spaced Repitition and Varied Practice System,Make Spaced Repitition and Varied Practice System,Projects / Work
2025-11-17T23:45:07.431750,Make Spaced Repitition and Varied Practice System,Make Spaced Repitition and Varied Practice System,Projects / Work
2025-11-17T23:45:07.431870,Make Spaced Repitition and Varied Practice System,Make Spaced Repitition and Varied Practice System,Projects / Work
2025-11-17T23:45:07.431989,Make a perfect learning system,Make a perfect learning system,Projects / Work
2025-11-17T23:45:07.432113,Make a perfect learning system,Make a perfect learning system,Projects / Work
2025-11-17T23:45:07.432234,Make Habit system,Make Habit system,Projects / Work
2025-11-17T23:45:07.432353,Make Habit system,Make Habit system,Projects / Work
2025-11-17T23:45:07.432473,Make a perfect learning system,Make a perfect learning system,Projects / Work
2025-11-17T23:45:07.432593,Make a perfect learning system,Make a perfect learning system,Projects / Work
2025-11-17T23:45:07.432712,Make a perfect learning system,Make a perfect learning system,Projects / Work
2025-11-17T23:45:07.432831,Make a perfect learning system,Make a perfect learning system,Projects / Work
2025-11-17T23:45:07.432951,Make a perfect learning system,Make a perfect learning system,Projects / Work
2025-11-17T23:45:07.433073,Complete full UI design for EDITH,Complete full UI design for EDITH,Projects / Work
2025-11-17T23:45:07.433198,Weekly Planning,Weekly Planning,Projects / Work
2025-11-17T23:45:07.433322,Make Homepage for EDITH,Make Homepage for EDITH,Projects / Work
2025-11-17T23:45:07.433443,Design and Code Add Question Page for EDITH,Design and Code Add Question Page for EDITH,Projects / Work
2025-11-17T23:45:07.433562,Code Add Question Page for EDITH and Redesign with chapter Feature,Code Add Question Page for EDITH and Redesign with chapter Feature,Projects / Work
2025-11-17T23:45:07.433681,Code Add Question Page for EDITH and Redesign with chapter Feature,Code Add Question Page for EDITH and Redesign with chapter Feature,Projects / Work
2025-11-17T23:45:07.433801,Code EDITH,Code EDITH,Projects / Work
2025-11-17T23:45:07.433919,Learn HTML from W3Schools,Learn HTML from W3Schools,Projects / Work
2025-11-17T23:45:07.434038,Learn HTML from W3Schools,Learn HTML from W3Schools,Projects / Work
2025-11-17T23:45:07.434176,Office + Lunch + Dinner,Office + Lunch + Dinner,Projects / Work
2025-11-17T23:45:07.434299,Office + Lunch + Dinner,Office + Lunch + Dinner,Projects / Work
2025-11-17T23:45:07.434419,Office + Lunch + Dinner,Office + Lunch + Dinner,Projects / Work
2025-11-17T23:45:07.434540,Office + Lunch + Dinner,Office + Lunch + Dinner,Projects / Work
2025-11-17T23:45:07.434664,Office + Lunch + Dinner,Office + Lunch + Dinner,Projects / Work
2025-11-17T23:45:07.434783,Coding + Lunch,Coding + Lunch,Projects / Work
2025-11-17T23:45:07.434917,Coding + Lunch,Coding + Lunch,Projects / Work
2025-11-17T23:45:07.435041,Coding + Lunch,Coding + Lunch,Projects / Work
2025-11-17T23:45:07.435174,Build a Timer App,Build a Timer App,Projects / Work
2025-11-17T23:45:07.435295,Build a Timer App,Build a Timer App,Projects / Work
2025-11-17T23:45:07.435416,Build BT Module Tracker,Build BT Module Tracker,Projects / Work
2025-11-17T23:45:07.435539,Build BT Module Tracker,Build BT Module Tracker,Projects / Work
2025-11-17T23:45:07.435672,Build BT Module Tracker,Build BT Module Tracker,Projects / Work
2025-11-17T23:45:07.435793,Make Basic UI,Make Basic UI,Projects / Work
2025-11-17T23:45:07.435923,Make Add Features,Make Add Features,Projects / Work
2025-11-17T23:45:07.436044,Make Add Features,Make Add Features,Projects / Work
2025-11-17T23:45:07.436184,Watch Ted Talks,Watch Ted Talks,Projects / Work
2025-11-17T23:45:07.436305,Create Excel File and Stuff,Create Excel File and Stuff,Projects / Work
2025-11-17T23:45:07.436449,Make Inorganic Spaced Repetition system ,Make Inorganic Spaced Repetition system ,Projects / Work
2025-11-17T23:45:07.436574,Make Inorganic Spaced Repetition system ,Make Inorganic Spaced Repetition system ,Projects / Work
2025-11-17T23:45:07.436695,Make Inorganic Spaced Repetition system ,Make Inorganic Spaced Repetition system ,Projects / Work
2025-11-17T23:45:07.436815,Learn Astro from Docs,Learn Astro from Docs,Projects / Work
2025-11-17T23:45:07.436934,Make Swadhyay Script,Make Swadhyay Script,Projects / Work
2025-11-17T23:45:07.437065,Try Coding Questions Manager,Try Coding Questions Manager,Projects / Work
2025-11-17T23:45:07.437376,Start Vienna Gambit CH: 3&4,Start Vienna Gambit CH: 3&4,Projects / Work
2025-11-17T23:45:07.437508,Complete Vienna Gambit,Complete Vienna Gambit,Projects / Work
2025-11-17T23:45:07.437631,Learn React Native,Learn React Native,Projects / Work
2025-11-17T23:45:07.437754,Learn from Chessly,Learn from Chessly,Projects / Work
2025-11-17T23:45:08.428146,Reproduction Lecture,Reproduction Lecture,Study Timetable
2025-11-17T23:45:08.428634,Reproduction Lecture,Reproduction Lecture,Study Timetable
2025-11-17T23:45:08.428891,Heridity,Heridity,Study Timetable
2025-11-17T23:45:08.429171,Electricity,Electricity,Study Timetable
2025-11-17T23:45:08.429370,Carbon and Its Compound,Carbon and Its Compound,Study Timetable
2025-11-17T23:45:08.429498,Reproduction Questions,Reproduction Questions,Study Timetable
2025-11-17T23:45:08.429636,Heridity Questions,Heridity Questions,Study Timetable
2025-11-17T23:45:08.429772,Carbon and It's Compounds Questions,Carbon and It's Compounds Questions,Study Timetable
2025-11-17T23:45:08.429895,Electricity Questions,Electricity Questions,Study Timetable
2025-11-17T23:45:08.430021,Carbon and It's Compunds Questions,Carbon and It's Compunds Questions,Study Timetable
2025-11-17T23:45:08.430143,Revision of all chapters,Revision of all chapters,Study Timetable
2025-11-17T23:45:08.430263,Revision of all chapters,Revision of all chapters,Study Timetable
2025-11-17T23:45:08.430383,Ch Learning,Ch Learning,Study Timetable
2025-11-17T23:45:08.430505,Chapter Learning,Chapter Learning,Study Timetable
2025-11-17T23:45:08.430641,Ch Learning,Ch Learning,Study Timetable
2025-11-17T23:45:08.430774,Circles RD sharma,Circles RD sharma,Study Timetable
2025-11-17T23:45:08.430895,Test Paper 1 + Polynomials NCERT,Test Paper 1 + Polynomials NCERT,Study Timetable
2025-11-17T23:45:08.431037,Any 2 Topics of History,Any 2 Topics of History,Study Timetable
2025-11-17T23:45:08.431197,Test Paper 2,Test Paper 2,Study Timetable
2025-11-17T23:45:08.431340,Test Paper 2 ( If not done ) Else start AP NCERT,Test Paper 2 ( If not done ) Else start AP NCERT,Study Timetable
2025-11-17T23:45:08.431459,AP and Coordinate Geometry NCERT,AP and Coordinate Geometry NCERT,Study Timetable
2025-11-17T23:45:08.431579,Any 3 Topics in Science,Any 3 Topics in Science,Study Timetable
2025-11-17T23:45:08.431703,AP NCERT,AP NCERT,Study Timetable
2025-11-17T23:45:08.431837,AP NCERT,AP NCERT,Study Timetable
2025-11-17T23:45:08.432080,AP + Coordinate Geometry NCERT,AP + Coordinate Geometry NCERT,Study Timetable
2025-11-17T23:45:08.434026,Any 2 Topics of Agriculture,Any 2 Topics of Agriculture,Study Timetable
2025-11-17T23:45:08.434223,Print and Culture Video Lecture 🔥,Print and Culture Video Lecture 🔥,Study Timetable
2025-11-17T23:45:08.434364,Print and Culture Video Lecture 🔥,Print and Culture Video Lecture 🔥,Study Timetable
2025-11-17T23:45:08.434494,Maths NCERT,Maths NCERT,Study Timetable
2025-11-17T23:45:08.434614,Nationalism In Europe + Agriculture + Lunch,Nationalism In Europe + Agriculture + Lunch,Study Timetable
2025-11-17T23:45:08.434737,Maths NCERT,Maths NCERT,Study Timetable
2025-11-17T23:45:08.434864,Print and Culture Video Lecture 🔥,Print and Culture Video Lecture 🔥,Study Timetable
2025-11-17T23:45:08.434990,Maths NCERT,Maths NCERT,Study Timetable
2025-11-17T23:45:08.435130,Maths Sums,Maths Sums,Study Timetable
2025-11-17T23:45:08.435278,SSC KI PADHAI,SSC KI PADHAI,Study Timetable
2025-11-17T23:45:08.435428,Padhai,Padhai,Study Timetable
2025-11-17T23:45:08.435545,Padhai,Padhai,Study Timetable
2025-11-17T23:45:08.435665,Exercise,Exercise,Study Timetable
2025-11-17T23:45:08.435792,Sanskrit and AI project,Sanskrit and AI project,Study Timetable
2025-11-17T23:45:08.435912,Print and Culture Lecture 🔥,Print and Culture Lecture 🔥,Study Timetable
2025-11-17T23:45:08.436053,Maths Project,Maths Project,Study Timetable
2025-11-17T23:45:08.436210,Sanskrit + AI Project,Sanskrit + AI Project,Study Timetable
2025-11-17T23:45:08.436352,Projects and Completion,Projects and Completion,Study Timetable
2025-11-17T23:45:08.436470,SSC ki padhai,SSC ki padhai,Study Timetable
2025-11-17T23:45:08.436591,IDP - Completion,IDP - Completion,Study Timetable
2025-11-17T23:45:08.436713,Maths Completion,Maths Completion,Study Timetable
2025-11-17T23:45:08.436846,School Work,School Work,Study Timetable
2025-11-17T23:45:08.436981,"SSC, Science Studying","SSC, Science Studying",Study Timetable
2025-11-17T23:45:08.437100,SSC KI PADHAI ( Irreplacable ),SSC KI PADHAI ( Irreplacable ),Study Timetable
2025-11-17T23:45:08.437237,School Stuff or SSC/SCI KI PADHAI,School Stuff or SSC/SCI KI PADHAI,Study Timetable
2025-11-17T23:45:08.437356,SSC Question Making + Resource and Development,SSC Question Making + Resource and Development,Study Timetable
2025-11-17T23:45:08.437498,Write Questions for Nationalism In Europe and Start Learning the topics,Write Questions for Nationalism In Europe and Start Learning the topics,Study Timetable
2025-11-17T23:45:08.437618,Learn 1 Chapter of Geography using Blurting Method,Learn 1 Chapter of Geography using Blurting Method,Study Timetable
2025-11-17T23:45:08.437755,Write Questions for Life Processes and Control and Coordination. Learn Both Chapters using Blurting Method.,Write Questions for Life Processes and Control and Coordination. Learn Both Chapters using Blurting Method.,Study Timetable
2025-11-17T23:45:08.437892,Solve Surface Area and Volume QnA from RD Sharma,Solve Surface Area and Volume QnA from RD Sharma,Study Timetable
2025-11-17T23:45:08.438024,Complete Nationalism In Europe Full Chapter Active Recall,Complete Nationalism In Europe Full Chapter Active Recall,Study Timetable
2025-11-17T23:45:08.438146,Watch Print and Culture Video Lecture,Watch Print and Culture Video Lecture,Study Timetable
2025-11-17T23:45:08.438264,Complete Nationalism In Europe Full Chapter Active Recall Preparation,Complete Nationalism In Europe Full Chapter Active Recall Preparation,Study Timetable
2025-11-17T23:45:08.438383,Practice Areas Related to Circles from RD Sharma + Lunch,Practice Areas Related to Circles from RD Sharma + Lunch,Study Timetable
2025-11-17T23:45:08.438501,Complete Life Processes and Control and Coordination Active Recall,Complete Life Processes and Control and Coordination Active Recall,Study Timetable
2025-11-17T23:45:08.438619,Complete Agriculture and Water Resources Active Recall,Complete Agriculture and Water Resources Active Recall,Study Timetable
2025-11-17T23:45:08.438758,Complete Minerals and Energy Resources Video Lecture and Questions,Complete Minerals and Energy Resources Video Lecture and Questions,Study Timetable
2025-11-17T23:45:08.438882,Studying Nationalism In Europe,Studying Nationalism In Europe,Study Timetable
2025-11-17T23:45:08.439012,Start filling up science chapters,Start filling up science chapters,Study Timetable
2025-11-17T23:45:08.439151,Practice for maths test,Practice for maths test,Study Timetable
2025-11-17T23:45:08.439276,Complete full Economics ,Complete full Economics ,Study Timetable
2025-11-17T23:45:08.439396,Revise Suchiparyaavaranam and Budhirbalvati Sada,Revise Suchiparyaavaranam and Budhirbalvati Sada,Study Timetable
2025-11-17T23:45:08.439515,Revise Shishulaalanam and Janani Tulyavatsalaa,Revise Shishulaalanam and Janani Tulyavatsalaa,Study Timetable
2025-11-17T23:45:08.439634,Understand and answer questions of Conservatism -> Revolutionaries 1830-1848,Understand and answer questions of Conservatism -> Revolutionaries 1830-1848,Study Timetable
2025-11-17T23:45:08.439753,Revise Sauhardya Prakrutye Shobhah,Revise Sauhardya Prakrutye Shobhah,Study Timetable
2025-11-17T23:45:08.439875,Understand and answer questions of Romatic Imagination -> Revolution of Liberals,Understand and answer questions of Romatic Imagination -> Revolution of Liberals,Study Timetable
2025-11-17T23:45:08.439998,Solve 2 to 3 Chitra Varnan,Solve 2 to 3 Chitra Varnan,Study Timetable
2025-11-17T23:45:08.440115,Revise Vichitra Shakshi and Suktayah,Revise Vichitra Shakshi and Suktayah,Study Timetable
2025-11-17T23:45:08.440233,Revise Anyoktah,Revise Anyoktah,Study Timetable
2025-11-17T23:45:08.440349,"Revise Sandhi, Pratyay, Samay and Avyay","Revise Sandhi, Pratyay, Samay and Avyay",Study Timetable
2025-11-17T23:45:08.440468,"Revise Samaas, Vachya Parivartanam and Sanshodhanam","Revise Samaas, Vachya Parivartanam and Sanshodhanam",Study Timetable
2025-11-17T23:45:08.440601,Revise all sanskrit Tables,Revise all sanskrit Tables,Study Timetable
2025-11-17T23:45:08.440739,Anyokatayah,Anyokatayah,Study Timetable
2025-11-17T23:45:08.440881,Understand and answer questions of First World War to Idea of Satyagrah,Understand and answer questions of First World War to Idea of Satyagrah,Study Timetable
2025-11-17T23:45:08.441073,Understand and answer questions of Rowlatt Act and Why Non Cooperation,Understand and answer questions of Rowlatt Act and Why Non Cooperation,Study Timetable
2025-11-17T23:45:08.441255,Complete Why Non Cooperation,Complete Why Non Cooperation,Study Timetable
2025-11-17T23:45:08.441432,UAQ of Different Strands Within the Movement,UAQ of Different Strands Within the Movement,Study Timetable
2025-11-17T23:45:08.441624,UAQ of Towards Civil Disobedience,UAQ of Towards Civil Disobedience,Study Timetable
2025-11-17T23:45:08.441812,Towards Civil Disobedence and Sense of Collective Belonging,Towards Civil Disobedence and Sense of Collective Belonging,Study Timetable
2025-11-17T23:45:08.442000,Gender Religion and Caste UQ,Gender Religion and Caste UQ,Study Timetable
2025-11-17T23:45:08.442145,UAQ of Manufacturing Industries,UAQ of Manufacturing Industries,Study Timetable
2025-11-17T23:45:08.442269,UQ of Political Parties,UQ of Political Parties,Study Timetable
2025-11-17T23:45:08.442517,Revise Political Parties,Revise Political Parties,Study Timetable
2025-11-17T23:45:08.442994,UAQ of The First Printed Books,UAQ of The First Printed Books,Study Timetable
2025-11-17T23:45:08.443301,UAQ of Print Comes to Europe,UAQ of Print Comes to Europe,Study Timetable
2025-11-17T23:45:08.443802,UAQ of Print Revolution and It's Impact,UAQ of Print Revolution and It's Impact,Study Timetable
2025-11-17T23:45:08.444217,UAQ of The First Printed Books,UAQ of The First Printed Books,Study Timetable
2025-11-17T23:45:08.444497,UAQ of Reading Mania to India and the World of Print,UAQ of Reading Mania to India and the World of Print,Study Timetable
2025-11-17T23:45:08.444706,Complete Print and Culture,Complete Print and Culture,Study Timetable
2025-11-17T23:45:08.445267,Read and Revise all other chapters,Read and Revise all other chapters,Study Timetable
2025-11-17T23:45:08.445535,Complete Full Nationalism In Europe,Complete Full Nationalism In Europe,Study Timetable
2025-11-17T23:45:08.445779,UAQ of How do Organisms Reproduce?,UAQ of How do Organisms Reproduce?,Study Timetable
2025-11-17T23:45:08.446144,UAQ of Heridity,UAQ of Heridity,Study Timetable
2025-11-17T23:45:08.446565,UAQ of Life Processes,UAQ of Life Processes,Study Timetable
2025-11-17T23:45:08.446862,UAQ of Control and coordination,UAQ of Control and coordination,Study Timetable
2025-11-17T23:45:08.447133,Our Environment,Our Environment,Study Timetable
2025-11-17T23:45:08.447427,Chemical Reactions and Equation,Chemical Reactions and Equation,Study Timetable
2025-11-17T23:45:08.447678,Acid Bases and Salts,Acid Bases and Salts,Study Timetable
2025-11-17T23:45:08.447951,Metals and Nonmetals,Metals and Nonmetals,Study Timetable
2025-11-17T23:45:08.448125,Carbon and It's Compunds,Carbon and It's Compunds,Study Timetable
2025-11-17T23:45:08.448350,Light - Reflection and Refraction,Light - Reflection and Refraction,Study Timetable
2025-11-17T23:45:08.448547,Electricity,Electricity,Study Timetable
2025-11-17T23:45:08.448703,Magnetic Effects of Electric Current + Human Eye and the Colourful World,Magnetic Effects of Electric Current + Human Eye and the Colourful World,Study Timetable
2025-11-17T23:45:08.448861,Solve Areas Related to Circles from RD Sharma,Solve Areas Related to Circles from RD Sharma,Study Timetable
2025-11-17T23:45:08.449021,Write Swadhyay Gita Prasad Mitye Vishaad,Write Swadhyay Gita Prasad Mitye Vishaad,Study Timetable
2025-11-17T23:45:08.449458,Solve Trigonometery from RD Sharma,Solve Trigonometery from RD Sharma,Study Timetable
2025-11-17T23:45:08.449657,Solve 3 Analytical Paragraphs,Solve 3 Analytical Paragraphs,Study Timetable
2025-11-17T23:45:08.449798,Read and go through workbook for 3-4 chapter,Read and go through workbook for 3-4 chapter,Study Timetable
2025-11-17T23:45:08.449960,"Read CH-1, CH-2,CH-3,CH-4 from Footprints without Feet","Read CH-1, CH-2,CH-3,CH-4 from Footprints without Feet",Study Timetable
2025-11-17T23:45:08.450104,"Read CH-5, CH-6, CH-7, CH-9 from Footprints without Feet","Read CH-5, CH-6, CH-7, CH-9 from Footprints without Feet",Study Timetable
2025-11-17T23:45:08.450250,"Read CH-1, CH-2, CH-3 from First Flight","Read CH-1, CH-2, CH-3 from First Flight",Study Timetable
2025-11-17T23:45:08.450379,"Read CH-4, CH-5, CH-6 from First Flight","Read CH-4, CH-5, CH-6 from First Flight",Study Timetable
2025-11-17T23:45:08.450503,Read CH-10 from Footprints without Feet and CH-7 from First Flight,Read CH-10 from Footprints without Feet and CH-7 from First Flight,Study Timetable
2025-11-17T23:45:08.450640,Read CH-8 from First Flight,Read CH-8 from First Flight,Study Timetable
2025-11-17T23:45:08.450764,Read CH-9 from First Flight,Read CH-9 from First Flight,Study Timetable
2025-11-17T23:45:08.450898,Revise Grammar,Revise Grammar,Study Timetable
2025-11-17T23:45:08.451043,Read Data Science ,Read Data Science ,Study Timetable
2025-11-17T23:45:08.451167,Introduction to AI,Introduction to AI,Study Timetable
2025-11-17T23:45:08.451304,Computer Vision,Computer Vision,Study Timetable
2025-11-17T23:45:08.451447,"PART-B: 5, 6, 7","PART-B: 5, 6, 7",Study Timetable
2025-11-17T23:45:08.451583,Surface Are and Volume,Surface Are and Volume,Study Timetable
2025-11-17T23:45:08.451720,Statistics,Statistics,Study Timetable
2025-11-17T23:45:08.451860,Areas Related to Circles,Areas Related to Circles,Study Timetable
2025-11-17T23:45:08.451994,Triangles,Triangles,Study Timetable
2025-11-17T23:45:08.452113,Circles and Arithmetic Progressions,Circles and Arithmetic Progressions,Study Timetable
2025-11-17T23:45:08.452248,Revise Maths Full Syllabus,Revise Maths Full Syllabus,Study Timetable
2025-11-17T23:45:08.452366,Solve Sample Question Paper by CBSE,Solve Sample Question Paper by CBSE,Study Timetable
2025-11-17T23:45:08.452484,Write Questions for Print and Culture,Write Questions for Print and Culture,Study Timetable
2025-11-17T23:45:08.452640,Lunch + UAQ of Mineral and Energy Resources,Lunch + UAQ of Mineral and Energy Resources,Study Timetable
2025-11-17T23:45:08.452767,Add questions to heredity,Add questions to heredity,Study Timetable
2025-11-17T23:45:08.452887,Recall Life Process,Recall Life Process,Study Timetable
2025-11-17T23:45:08.453007,UAQ of Minerals and Energy resources,UAQ of Minerals and Energy resources,Study Timetable
2025-11-17T23:45:08.453133,Solve HOTS and LOTS of Quadratic Equations ,Solve HOTS and LOTS of Quadratic Equations ,Study Timetable
2025-11-17T23:45:08.453302,Study Time,Study Time,Study Timetable
2025-11-17T23:45:08.453423,Study Time,Study Time,Study Timetable
2025-11-17T23:45:08.453542,Solve Sanskrit All In One,Solve Sanskrit All In One,Study Timetable
2025-11-17T23:45:08.453660,UAQ of Print and Culture,UAQ of Print and Culture,Study Timetable
2025-11-17T23:45:08.453778,UAQ of How do Organisms Reproduce. ,UAQ of How do Organisms Reproduce. ,Study Timetable
2025-11-17T23:45:08.453896,UAQ of Gender Religion and Caste,UAQ of Gender Religion and Caste,Study Timetable
2025-11-17T23:45:08.454012,UAQ of Metals and Non Metals,UAQ of Metals and Non Metals,Study Timetable
2025-11-17T23:45:08.454130,Solve Surface Area and Volume ,Solve Surface Area and Volume ,Study Timetable
2025-11-17T23:45:08.454247,UAQ of Print and Culture,UAQ of Print and Culture,Study Timetable
2025-11-17T23:45:08.454365,Question Making of Political Parties,Question Making of Political Parties,Study Timetable
2025-11-17T23:45:08.454488,Understand and Answering of Political Parties,Understand and Answering of Political Parties,Study Timetable
2025-11-17T23:45:08.454605,Question Making of Heridity,Question Making of Heridity,Study Timetable
2025-11-17T23:45:08.454722,Understandng and Answering Heridity,Understandng and Answering Heridity,Study Timetable
2025-11-17T23:45:08.454845,Question Making of Manufacturing Industries,Question Making of Manufacturing Industries,Study Timetable
2025-11-17T23:45:08.454963,Answering Mineral and Energy Resources,Answering Mineral and Energy Resources,Study Timetable
2025-11-17T23:45:08.455080,Answering Manufacturing Industries,Answering Manufacturing Industries,Study Timetable
2025-11-17T23:45:08.455208,Solve Surface Area and Volume Questions from RD Sharma,Solve Surface Area and Volume Questions from RD Sharma,Study Timetable
2025-11-17T23:45:08.455327,UAQ of Minerals and Energy Resources,UAQ of Minerals and Energy Resources,Study Timetable
2025-11-17T23:45:08.455464,Surface Area and Volume,Surface Area and Volume,Study Timetable
2025-11-17T23:45:08.455602,Understand and Answering Manufacturing Industries,Understand and Answering Manufacturing Industries,Study Timetable
2025-11-17T23:45:08.455724,UAQ of Making of the Global World,UAQ of Making of the Global World,Study Timetable
2025-11-17T23:45:08.455859,UAQ of Political Parties,UAQ of Political Parties,Study Timetable
2025-11-17T23:45:08.455995,Complete Leftovers Topics and Reading books,Complete Leftovers Topics and Reading books,Study Timetable
2025-11-17T23:45:08.456129,Answering Questions of All Science Chapters,Answering Questions of All Science Chapters,Study Timetable
2025-11-17T23:45:08.456264,Go through all the questions in science,Go through all the questions in science,Study Timetable
2025-11-17T23:45:08.456396,Make Questions for Nationalism In India,Make Questions for Nationalism In India,Study Timetable
2025-11-17T23:45:08.456514,Answering the Questions of Nationalism In India,Answering the Questions of Nationalism In India,Study Timetable
2025-11-17T23:45:08.456637,Answering Questions of Resource and Development,Answering Questions of Resource and Development,Study Timetable
2025-11-17T23:45:08.456756,UAQ of Outcomes of Democracy,UAQ of Outcomes of Democracy,Study Timetable
2025-11-17T23:45:08.456874,Test Summary / Leftover Topics,Test Summary / Leftover Topics,Study Timetable
2025-11-17T23:45:08.456992,Question Making of Agriculture,Question Making of Agriculture,Study Timetable
2025-11-17T23:45:08.457125,Understanding and Answering Agriculture,Understanding and Answering Agriculture,Study Timetable
2025-11-17T23:45:08.457247,Answering Life Processes,Answering Life Processes,Study Timetable
2025-11-17T23:45:08.457366,Agriculture Map Revision,Agriculture Map Revision,Study Timetable
2025-11-17T23:45:08.457483,Answering Question of Gender Religion and Caste + Understanding the Answers,Answering Question of Gender Religion and Caste + Understanding the Answers,Study Timetable
2025-11-17T23:45:08.457603,UAQ of Money and Credit,UAQ of Money and Credit,Study Timetable
2025-11-17T23:45:08.457760,Question Making for Metals and Non metals and Carbon and It's Compounds,Question Making for Metals and Non metals and Carbon and It's Compounds,Study Timetable
2025-11-17T23:45:08.457889,Question making for Nationalism In Europe,Question making for Nationalism In Europe,Study Timetable
2025-11-17T23:45:08.458011,First 20 Questions in Nationalism In Europe,First 20 Questions in Nationalism In Europe,Study Timetable
2025-11-17T23:45:08.458133,Rest all Quesions in Nationalism In Europe,Rest all Quesions in Nationalism In Europe,Study Timetable
2025-11-17T23:45:08.458271,Science Sample Paper,Science Sample Paper,Study Timetable
2025-11-17T23:45:08.458424,Answering Questions of Forest and Wildlife Resources,Answering Questions of Forest and Wildlife Resources,Study Timetable
2025-11-17T23:45:08.458548,Answer Questions from Water Resources,Answer Questions from Water Resources,Study Timetable
2025-11-17T23:45:08.458667,Revise all difficult questions from Tuition notebook,Revise all difficult questions from Tuition notebook,Study Timetable
2025-11-17T23:45:08.458786,Revise all difficult questions from R.D Sharma,Revise all difficult questions from R.D Sharma,Study Timetable
2025-11-17T23:45:08.458905,Question Making for Power Sharing,Question Making for Power Sharing,Study Timetable
2025-11-17T23:45:08.459027,Question Making for Sectors of Indian Economy,Question Making for Sectors of Indian Economy,Study Timetable
2025-11-17T23:45:08.459147,Answer Questions from Power Sharing,Answer Questions from Power Sharing,Study Timetable
2025-11-17T23:45:08.459267,Answer Questions from Sectors of Indian Economy,Answer Questions from Sectors of Indian Economy,Study Timetable
2025-11-17T23:45:08.459386,20 Questions from print and culture,20 Questions from print and culture,Study Timetable
2025-11-17T23:45:08.459504,20 Questions from print and culture,20 Questions from print and culture,Study Timetable
2025-11-17T23:45:08.459623,10 Questions from print and culture,10 Questions from print and culture,Study Timetable
2025-11-17T23:45:08.459757,Make questions for Federalism,Make questions for Federalism,Study Timetable
2025-11-17T23:45:08.459876,Answer all questions from Federalism,Answer all questions from Federalism,Study Timetable
2025-11-17T23:45:08.460017,Make questions for Development,Make questions for Development,Study Timetable
2025-11-17T23:45:08.460157,Answer all questions from Development,Answer all questions from Development,Study Timetable
2025-11-17T23:45:08.460286,Revise Control and Coordination,Revise Control and Coordination,Study Timetable
2025-11-17T23:45:08.460406,Question making for Globalisation,Question making for Globalisation,Study Timetable
2025-11-17T23:45:08.460538,Answering questions from Globalisation,Answering questions from Globalisation,Study Timetable
2025-11-17T23:45:08.460661,Question making for Forest and Wildlife Resources,Question making for Forest and Wildlife Resources,Study Timetable
2025-11-17T23:45:08.460789,Answering questions from Forest and Wildlife Resources,Answering questions from Forest and Wildlife Resources,Study Timetable
2025-11-17T23:45:08.460909,Solve R.D.Sharma questions for Quadratic equations,Solve R.D.Sharma questions for Quadratic equations,Study Timetable
2025-11-17T23:45:08.461028,Recall Print and Culture & Development,Recall Print and Culture & Development,Study Timetable
2025-11-17T23:45:08.461172,Revise Control and Coordination,Revise Control and Coordination,Study Timetable
2025-11-17T23:45:08.461311,Planning for this week and next 15 days,Planning for this week and next 15 days,Study Timetable
2025-11-17T23:45:08.461433,Recall Print and Culture,Recall Print and Culture,Study Timetable
2025-11-17T23:45:08.461552,Solve 10 to 15 Maths Questions,Solve 10 to 15 Maths Questions,Study Timetable
2025-11-17T23:45:08.461671,Recall Print and Culture,Recall Print and Culture,Study Timetable
2025-11-17T23:45:08.461794,Solve Sanskrit Questions,Solve Sanskrit Questions,Study Timetable
2025-11-17T23:45:08.461913,Recall Metals and Non Metals,Recall Metals and Non Metals,Study Timetable
2025-11-17T23:45:08.462053,Recall Human Eye and the Colourful World,Recall Human Eye and the Colourful World,Study Timetable
2025-11-17T23:45:08.462223,Recall Mineral and Energy Resources,Recall Mineral and Energy Resources,Study Timetable
2025-11-17T23:45:08.462353,Recall Print and Culture,Recall Print and Culture,Study Timetable
2025-11-17T23:45:08.462474,English Analytical Paragraph Writing,English Analytical Paragraph Writing,Study Timetable
2025-11-17T23:45:08.462596,Solve 10 to 15 Maths Questions from Arithmetic Progression,Solve 10 to 15 Maths Questions from Arithmetic Progression,Study Timetable
2025-11-17T23:45:08.462718,Recall Gender Religion and Caste,Recall Gender Religion and Caste,Study Timetable
2025-11-17T23:45:08.462837,Solve Sanskrit Pratyay,Solve Sanskrit Pratyay,Study Timetable
2025-11-17T23:45:08.462955,Practice English Analytical Paragraph,Practice English Analytical Paragraph,Study Timetable
2025-11-17T23:45:08.463074,Recall Print and Culture,Recall Print and Culture,Study Timetable
2025-11-17T23:45:08.463194,Recall Mineral and Energy Resources,Recall Mineral and Energy Resources,Study Timetable
2025-11-17T23:45:08.463313,Recall Manufacturing Industries,Recall Manufacturing Industries,Study Timetable
2025-11-17T23:45:08.463441,Recall Nationalism In Europe,Recall Nationalism In Europe,Study Timetable
2025-11-17T23:45:08.463566,Compensation ,Compensation ,Study Timetable
2025-11-17T23:45:08.463685,Recall Manufacturing Industries,Recall Manufacturing Industries,Study Timetable
2025-11-17T23:45:08.463804,Complete Sanskrit Pratyay,Complete Sanskrit Pratyay,Study Timetable
2025-11-17T23:45:08.463923,Read 3 Chapters from First Flight,Read 3 Chapters from First Flight,Study Timetable
2025-11-17T23:45:08.464045,Recall Nationalism In India,Recall Nationalism In India,Study Timetable
2025-11-17T23:45:08.464179,Solve 10 to 15 Maths Questions from Trigonometery,Solve 10 to 15 Maths Questions from Trigonometery,Study Timetable
2025-11-17T23:45:08.464302,Recall Life Processes,Recall Life Processes,Study Timetable
2025-11-17T23:45:08.464421,Recall Control and Coordination,Recall Control and Coordination,Study Timetable
2025-11-17T23:45:08.464539,Recall Federalism,Recall Federalism,Study Timetable
2025-11-17T23:45:08.464677,Recall Mondey and Credit,Recall Mondey and Credit,Study Timetable
2025-11-17T23:45:08.464796,Recall Mineral and Energy Resources,Recall Mineral and Energy Resources,Study Timetable
2025-11-17T23:45:08.464914,Solve 10 to 15 Maths Questions from Trigonometery,Solve 10 to 15 Maths Questions from Trigonometery,Study Timetable
2025-11-17T23:45:08.465045,Complete Pratyay and Vachya Parivartanam 7 Questions,Complete Pratyay and Vachya Parivartanam 7 Questions,Study Timetable
2025-11-17T23:45:08.465164,Recall Political Parties,Recall Political Parties,Study Timetable
2025-11-17T23:45:08.465287,Nationalism In Europe,Nationalism In Europe,Study Timetable
2025-11-17T23:45:08.465406,Read English Chapters,Read English Chapters,Study Timetable
2025-11-17T23:45:08.465524,Recall Agriculture,Recall Agriculture,Study Timetable
2025-11-17T23:45:08.465641,Recall Print and Culture,Recall Print and Culture,Study Timetable
2025-11-17T23:45:08.465760,Recall Globalisation,Recall Globalisation,Study Timetable
2025-11-17T23:45:08.465877,Recall Power Sharing,Recall Power Sharing,Study Timetable
2025-11-17T23:45:08.466008,Recall Print and Culture,Recall Print and Culture,Study Timetable
2025-11-17T23:45:08.466135,Recall Globalisation,Recall Globalisation,Study Timetable
2025-11-17T23:45:08.466254,Recall Power Sharing,Recall Power Sharing,Study Timetable
2025-11-17T23:45:08.466374,Recall Water Resources,Recall Water Resources,Study Timetable
2025-11-17T23:45:08.466491,Solve 20 Math Questions from Surface Area and Volume,Solve 20 Math Questions from Surface Area and Volume,Study Timetable
2025-11-17T23:45:08.466611,Study for AI Practical Exams,Study for AI Practical Exams,Study Timetable
2025-11-17T23:45:08.466729,Solve Questions from Metals and Non Metals,Solve Questions from Metals and Non Metals,Study Timetable
2025-11-17T23:45:08.466847,Recall Water Resources,Recall Water Resources,Study Timetable
2025-11-17T23:45:08.466985,Recall Forest and Wildlife Resources,Recall Forest and Wildlife Resources,Study Timetable
2025-11-17T23:45:08.467113,Recall Resource and Development,Recall Resource and Development,Study Timetable
2025-11-17T23:45:09.075373,Special Assembly,Special Assembly,Personal Events
2025-11-17T23:45:09.075987,Himanshu chachu's birthday,Himanshu chachu's birthday,Personal Events
2025-11-17T23:45:09.076258,Kelvin chachu anniversary,Kelvin chachu anniversary,Personal Events
2025-11-17T23:45:09.076474,Happy birthday!,Happy birthday!,Personal Events
2025-11-17T23:45:09.076687,Sectors of Indian Economy,Sectors of Indian Economy,Personal Events
2025-11-17T23:45:09.076892,Maths Assignments,Maths Assignments,Personal Events
2025-11-17T23:45:09.077128,Reading Doglapan,Reading Doglapan,Personal Events
2025-11-17T23:45:09.077516,Electricity Assginments - 1 and 2,Electricity Assginments - 1 and 2,Personal Events
2025-11-17T23:45:09.077810,Get Ready,Get Ready,Personal Events
2025-11-17T23:45:09.077987,Forest And Wildlife,Forest And Wildlife,Personal Events
2025-11-17T23:45:09.078269,Game Time,Game Time,Personal Events
2025-11-17T23:45:09.078923,Maths Assignment,Maths Assignment,Personal Events
2025-11-17T23:45:09.079533,Learn Svelte,Learn Svelte,Personal Events
2025-11-17T23:45:09.080703,Acid Bases and Salt Test,Acid Bases and Salt Test,Personal Events
2025-11-17T23:45:09.082020,Reading Doglapan,Reading Doglapan,Personal Events
2025-11-17T23:45:09.082394,Agriculture and Sectors of Indian Economy Revision,Agriculture and Sectors of Indian Economy Revision,Personal Events
2025-11-17T23:45:09.082784,Power Nap,Power Nap,Personal Events
2025-11-17T23:45:09.083023,Agriculture and Sectors of Indian Economy Test,Agriculture and Sectors of Indian Economy Test,Personal Events
2025-11-17T23:45:09.083228,Digital Marketing Webinar,Digital Marketing Webinar,Personal Events
2025-11-17T23:45:09.083419,Chemistry Test,Chemistry Test,Personal Events
2025-11-17T23:45:09.083640,Triangles and Areas of circle test,Triangles and Areas of circle test,Personal Events
2025-11-17T23:45:09.084052,Statistics and Quadratic Test,Statistics and Quadratic Test,Personal Events
2025-11-17T23:45:09.084305,Symbiosis Skill class,Symbiosis Skill class,Personal Events
2025-11-17T23:45:09.084528,Symbiosis Skills Classes,Symbiosis Skills Classes,Personal Events
2025-11-17T23:45:09.084750,Light and Electricity Test,Light and Electricity Test,Personal Events
2025-11-17T23:45:09.085085,Acid bases and salts + Metals and non metals,Acid bases and salts + Metals and non metals,Personal Events
2025-11-17T23:45:09.085375,Symbiosis Skills Classes,Symbiosis Skills Classes,Personal Events
2025-11-17T23:45:09.085568,Chapter 12345 and six,Chapter 12345 and six,Personal Events
2025-11-17T23:45:09.085735,Life processes and control and coordination,Life processes and control and coordination,Personal Events
2025-11-17T23:45:09.085911,Dinner - Outside,Dinner - Outside,Personal Events
2025-11-17T23:45:09.086137,Science Exam,Science Exam,Personal Events
2025-11-17T23:45:09.086335,Course App Discussion Meeting,Course App Discussion Meeting,Personal Events
2025-11-17T23:45:09.086521,No Title,No Title,Personal Events
2025-11-17T23:45:09.086711,Ahemdabad Trip Meeting,Ahemdabad Trip Meeting,Personal Events
2025-11-17T23:45:09.086889,Circles Test,Circles Test,Personal Events
2025-11-17T23:45:09.087047,Goa Trip,Goa Trip,Personal Events
2025-11-17T23:45:09.087178,Eye Checkup,Eye Checkup,Personal Events
2025-11-17T23:45:09.087348,Swadhyay speech ,Swadhyay speech ,Personal Events
2025-11-17T23:45:09.087469,Bakliwal Entrance Exam,Bakliwal Entrance Exam,Personal Events
2025-11-17T23:45:09.087591,Cricket with mom,Cricket with mom,Personal Events
2025-11-17T23:45:09.087720,Go for Haircut,Go for Haircut,Personal Events
2025-11-17T23:45:09.087841,Steepgraph Picnic,Steepgraph Picnic,Personal Events
2025-11-17T23:45:09.087968,Kadva Patel Get together,Kadva Patel Get together,Personal Events
2025-11-17T23:45:09.088090,Pre-Boards PTM,Pre-Boards PTM,Personal Events
2025-11-17T23:45:09.088252,Bakliwal Chemistry Lecture,Bakliwal Chemistry Lecture,Personal Events
2025-11-17T23:45:09.088386,Flag Hoisting,Flag Hoisting,Personal Events
2025-11-17T23:45:09.088507,Bakliwal Maths Lecture,Bakliwal Maths Lecture,Personal Events
2025-11-17T23:45:09.088628,Apple Music Subscription ends,Apple Music Subscription ends,Personal Events
2025-11-17T23:45:09.088752,M. Prakash Entrance Test,M. Prakash Entrance Test,Personal Events
2025-11-17T23:45:09.088880,School Farewell,School Farewell,Personal Events
2025-11-17T23:45:09.089000,School PTM ,School PTM ,Personal Events
2025-11-17T23:45:09.089120,Dhanvi Performance @ Swadhyay,Dhanvi Performance @ Swadhyay,Personal Events
2025-11-17T23:45:09.089240,Kung Fu Panda 4 (3D) (U),Kung Fu Panda 4 (3D) (U),Personal Events
2025-11-17T23:45:09.089360,Get together at Farm,Get together at Farm,Personal Events
2025-11-17T23:45:09.089494,Go for Haircut,Go for Haircut,Personal Events
2025-11-17T23:45:09.089612,Haircut,Haircut,Personal Events
2025-11-17T23:45:09.089744,Collect BT Modules + Read a Book,Collect BT Modules + Read a Book,Personal Events
2025-11-17T23:45:09.089868,Mr. & Mrs. Mahi (U),Mr. & Mrs. Mahi (U),Personal Events
2025-11-17T23:45:09.089998,Srikanth (U),Srikanth (U),Personal Events
2025-11-17T23:45:09.090118,Himanshu chachu's birthday,Himanshu chachu's birthday,Personal Events
2025-11-17T23:45:09.090244,Kelvin chachu anniversary,Kelvin chachu anniversary,Personal Events
2025-11-17T23:45:09.090373,Haircut Time,Haircut Time,Personal Events
2025-11-17T23:45:09.090511,Haircut Time,Haircut Time,Personal Events
2025-11-17T23:45:09.090644,Haircut Time,Haircut Time,Personal Events
2025-11-17T23:45:09.090773,Happy birthday!,Happy birthday!,Personal Events
2025-11-17T23:45:09.090907,Swadhyay,Swadhyay,Personal Events
2025-11-17T23:45:09.091064,Swadhyay Pathnatya Practice,Swadhyay Pathnatya Practice,Personal Events
2025-11-17T23:45:09.091250,Swadhyay Pathnatya Practice,Swadhyay Pathnatya Practice,Personal Events
2025-11-17T23:45:09.091401,Swadhyay Pathnatya Practice,Swadhyay Pathnatya Practice,Personal Events
2025-11-17T23:45:09.091542,Swadhyay Pathnatya Practice,Swadhyay Pathnatya Practice,Personal Events
2025-11-17T23:45:09.091714,Practice Swadhyay Intro,Practice Swadhyay Intro,Personal Events
2025-11-17T23:45:09.091883,Swadhyay Pathnatya Practice,Swadhyay Pathnatya Practice,Personal Events
2025-11-17T23:45:09.092026,Pathnatya,Pathnatya,Personal Events
2025-11-17T23:45:09.092165,Pathnatya,Pathnatya,Personal Events
2025-11-17T23:45:09.092304,Pathnatya,Pathnatya,Personal Events
2025-11-17T23:45:09.092455,Pathnatya,Pathnatya,Personal Events
2025-11-17T23:45:09.092579,Go Boom Boom,Go Boom Boom,Personal Events
2025-11-17T23:45:09.092704,Kishan Chachu Wedding Trip,Kishan Chachu Wedding Trip,Personal Events
2025-11-17T23:45:09.092828,Counselling Session - Credit-Linked program in CSE & AI by Daksh Gurukul - IIT Guwahati,Counselling Session - Credit-Linked program in CSE & AI by Daksh Gurukul - IIT Guwahati,Personal Events
2025-11-17T23:45:09.092949,A Minecraft Movie,A Minecraft Movie,Personal Events
2025-11-17T23:45:09.093067,Himanshu chachu's birthday,Himanshu chachu's birthday,Personal Events
2025-11-17T23:45:09.093207,Kelvin chachu anniversary,Kelvin chachu anniversary,Personal Events
2025-11-17T23:45:09.093332,Eye Doctor's Appointment,Eye Doctor's Appointment,Personal Events
2025-11-17T23:45:09.093456,Kelvin Chachu & Radhika Aunty Baby Boy. (Chhathhi),Kelvin Chachu & Radhika Aunty Baby Boy. (Chhathhi),Personal Events
2025-11-17T23:45:09.093575,Happy birthday!,Happy birthday!,Personal Events
2025-11-17T23:45:09.093706,Pathnatya @ Ganeshyam,Pathnatya @ Ganeshyam,Personal Events
2025-11-17T23:45:09.093872,Pathnatya @ Sai Orchid,Pathnatya @ Sai Orchid,Personal Events
2025-11-17T23:45:09.667414,CPS Chemistry & Physics Practicals,CPS Chemistry & Physics Practicals,CPS 
2025-11-17T23:45:09.667749,Physics & Chem Practicals,Physics & Chem Practicals,CPS 
2025-11-17T23:45:09.667909,CPS chemistry practicals ,CPS chemistry practicals ,CPS 
2025-11-17T23:45:09.668082,School Practicals,School Practicals,CPS 
2025-11-17T23:45:09.668214,School Practicals,School Practicals,CPS 
2025-11-17T23:45:09.668363,Chemistry Exam,Chemistry Exam,CPS 
2025-11-17T23:45:09.668491,Mathematics Exam,Mathematics Exam,CPS 
2025-11-17T23:45:09.668633,English Exam,English Exam,CPS 
2025-11-17T23:45:09.668781,CS Exam,CS Exam,CPS 
2025-11-17T23:45:09.668923,Submit Answer sheets and Collect Books,Submit Answer sheets and Collect Books,CPS 
2025-11-17T23:45:09.669061,CPS Practicals,CPS Practicals,CPS 
2025-11-17T23:45:09.669196,Chemistry Practicals,Chemistry Practicals,CPS 
2025-11-17T23:45:09.669328,Chemistry Practicals,Chemistry Practicals,CPS 
2025-11-17T23:45:09.669467,Physics Practicals,Physics Practicals,CPS 
2025-11-17T23:45:09.669608,CS Practicals,CS Practicals,CPS 
2025-11-17T23:45:09.669729,CPS Meeting,CPS Meeting,CPS 
2025-11-17T23:45:09.669849,Chemistry Practicals,Chemistry Practicals,CPS 
2025-11-17T23:45:09.669975,Physics Practicals,Physics Practicals,CPS 
2025-11-17T23:45:09.670095,CS Practicals,CS Practicals,CPS 
2025-11-17T23:45:09.670230,Physics Practicals,Physics Practicals,CPS 
2025-11-17T23:45:09.670363,Chemistry Practical ,Chemistry Practical ,CPS 
2025-11-17T23:45:09.670504,Chemistry Practicals,Chemistry Practicals,CPS 
2025-11-17T23:45:09.670675,English Half Yearly,English Half Yearly,CPS 
2025-11-17T23:45:09.670822,CS Half Yearly,CS Half Yearly,CPS 
2025-11-17T23:45:09.670963,Physics Half Yearly,Physics Half Yearly,CPS 
2025-11-17T23:45:09.671111,Chemistry Half Yearly,Chemistry Half Yearly,CPS 
2025-11-17T23:45:09.671247,Mathematics Half Yearly,Mathematics Half Yearly,CPS 
2025-11-17T23:45:09.671389,CPS CS Submission,CPS CS Submission,CPS 
2025-11-17T23:45:10.587601,BT Lecture,BT Lecture,Bakliwal
2025-11-17T23:45:10.588047,BT Lecture,BT Lecture,Bakliwal
2025-11-17T23:45:10.588281,BT Lecture,BT Lecture,Bakliwal
2025-11-17T23:45:10.588463,C5 Lecture,C5 Lecture,Bakliwal
2025-11-17T23:45:10.588626,C5 Lecture,C5 Lecture,Bakliwal
2025-11-17T23:45:10.588785,M10 BT Tutorial,M10 BT Tutorial,Bakliwal
2025-11-17T23:45:10.588943,M17 Lecture,M17 Lecture,Bakliwal
2025-11-17T23:45:10.589099,P16 Lecture,P16 Lecture,Bakliwal
2025-11-17T23:45:10.589254,C13 BT Tutorial,C13 BT Tutorial,Bakliwal
2025-11-17T23:45:10.589409,P16 Lecture,P16 Lecture,Bakliwal
2025-11-17T23:45:10.589563,M17 Lecture,M17 Lecture,Bakliwal
2025-11-17T23:45:10.589719,M17 Lecture,M17 Lecture,Bakliwal
2025-11-17T23:45:10.589880,M10 BT Tutorial,M10 BT Tutorial,Bakliwal
2025-11-17T23:45:10.590036,C5 Lecture,C5 Lecture,Bakliwal
2025-11-17T23:45:10.590191,P16 Lecture,P16 Lecture,Bakliwal
2025-11-17T23:45:10.590345,C5 Lecture,C5 Lecture,Bakliwal
2025-11-17T23:45:10.590497,P7 BT Tutorial,P7 BT Tutorial,Bakliwal
2025-11-17T23:45:10.590668,C5 Lecture,C5 Lecture,Bakliwal
2025-11-17T23:45:10.590835,M10 BT Tutorial,M10 BT Tutorial,Bakliwal
2025-11-17T23:45:10.591068,C5 Lecture,C5 Lecture,Bakliwal
2025-11-17T23:45:10.591239,M17 Lecture,M17 Lecture,Bakliwal
2025-11-17T23:45:10.591450,M17 Lecture,M17 Lecture,Bakliwal
2025-11-17T23:45:10.591651,P16 Lecture,P16 Lecture,Bakliwal
2025-11-17T23:45:10.591839,P7 BT Tutorial,P7 BT Tutorial,Bakliwal
2025-11-17T23:45:10.592081,M17 Lecture,M17 Lecture,Bakliwal
2025-11-17T23:45:10.592279,P16 Lecture,P16 Lecture,Bakliwal
2025-11-17T23:45:10.592446,BTEST 3,BTEST 3,Bakliwal
2025-11-17T23:45:10.592588,P16 Lecture,P16 Lecture,Bakliwal
2025-11-17T23:45:10.592723,BT PS Centre Doubts Session,BT PS Centre Doubts Session,Bakliwal
2025-11-17T23:45:10.592861,C13 Tutorial,C13 Tutorial,Bakliwal
2025-11-17T23:45:10.593011,P16 Lecture,P16 Lecture,Bakliwal
2025-11-17T23:45:10.593144,C5 Lecture,C5 Lecture,Bakliwal
2025-11-17T23:45:10.593291,C5 Lecture,C5 Lecture,Bakliwal
2025-11-17T23:45:10.593425,C5 Lecture,C5 Lecture,Bakliwal
2025-11-17T23:45:10.593561,M17 Lecture,M17 Lecture,Bakliwal
2025-11-17T23:45:10.593708,M17 Lecture,M17 Lecture,Bakliwal
2025-11-17T23:45:10.593843,M10 Tutorial,M10 Tutorial,Bakliwal
2025-11-17T23:45:10.593979,P16 Lecture,P16 Lecture,Bakliwal
2025-11-17T23:45:10.594110,P7 Tutorial,P7 Tutorial,Bakliwal
2025-11-17T23:45:10.594232,M17 Lecture,M17 Lecture,Bakliwal
2025-11-17T23:45:10.594366,C13 Tutorial,C13 Tutorial,Bakliwal
2025-11-17T23:45:10.594500,P16 Lecture,P16 Lecture,Bakliwal
2025-11-17T23:45:10.594637,M17 Lecture,M17 Lecture,Bakliwal
2025-11-17T23:45:10.594770,M10 Tutorial,M10 Tutorial,Bakliwal
2025-11-17T23:45:10.594924,C5 Lecture,C5 Lecture,Bakliwal
2025-11-17T23:45:10.595051,P16 Lecture,P16 Lecture,Bakliwal
2025-11-17T23:45:10.595170,C13 Tutorial,C13 Tutorial,Bakliwal
2025-11-17T23:45:10.595289,M17 Lecture,M17 Lecture,Bakliwal
2025-11-17T23:45:10.595414,C5 Lecture,C5 Lecture,Bakliwal
2025-11-17T23:45:10.595532,C5 Lecture,C5 Lecture,Bakliwal
2025-11-17T23:45:10.595650,C5 Lecture,C5 Lecture,Bakliwal
2025-11-17T23:45:10.595767,P16 Lecture,P16 Lecture,Bakliwal
2025-11-17T23:45:10.595885,C5 Lecture,C5 Lecture,Bakliwal
2025-11-17T23:45:10.596003,P16 Lecture,P16 Lecture,Bakliwal
2025-11-17T23:45:10.596119,P7 Tutorial,P7 Tutorial,Bakliwal
2025-11-17T23:45:10.596236,M17 Lecture,M17 Lecture,Bakliwal
2025-11-17T23:45:10.596352,M17 Lecture,M17 Lecture,Bakliwal
2025-11-17T23:45:10.596469,C5 Lecture,C5 Lecture,Bakliwal
2025-11-17T23:45:10.596589,C25 Lecture,C25 Lecture,Bakliwal
2025-11-17T23:45:10.596706,M17 Lecture,M17 Lecture,Bakliwal
2025-11-17T23:45:10.596829,P16 Lecture,P16 Lecture,Bakliwal
2025-11-17T23:45:10.596947,C25 Lecture,C25 Lecture,Bakliwal
2025-11-17T23:45:10.597064,P16 Lecture,P16 Lecture,Bakliwal
2025-11-17T23:45:10.597181,C25 Lecture,C25 Lecture,Bakliwal
2025-11-17T23:45:10.597298,M17 Lecture,M17 Lecture,Bakliwal
2025-11-17T23:45:10.597416,M17 Lecture,M17 Lecture,Bakliwal
2025-11-17T23:45:10.597534,P16 Lecture,P16 Lecture,Bakliwal
2025-11-17T23:45:10.597666,C25 Lecture,C25 Lecture,Bakliwal
2025-11-17T23:45:10.597788,C13 Lecture,C13 Lecture,Bakliwal
2025-11-17T23:45:10.597907,P16 Lecture,P16 Lecture,Bakliwal
2025-11-17T23:45:10.598025,M17 Lecture,M17 Lecture,Bakliwal
2025-11-17T23:45:10.598234,C12 Lecture,C12 Lecture,Bakliwal
2025-11-17T23:45:10.598362,C12 Lecture,C12 Lecture,Bakliwal
2025-11-17T23:45:10.598505,M11 Lecture,M11 Lecture,Bakliwal
2025-11-17T23:45:10.598627,C22 Lecture,C22 Lecture,Bakliwal
2025-11-17T23:45:10.598746,C12 Lecture,C12 Lecture,Bakliwal
2025-11-17T23:45:10.598865,M19 Lecture,M19 Lecture,Bakliwal
2025-11-17T23:45:10.598984,P21 Lecture,P21 Lecture,Bakliwal
2025-11-17T23:45:10.599105,P21 Lecture,P21 Lecture,Bakliwal
2025-11-17T23:45:10.599225,M11 Lecture,M11 Lecture,Bakliwal
2025-11-17T23:45:10.599357,P21 Lecture,P21 Lecture,Bakliwal
2025-11-17T23:45:10.599475,M11 Lecture,M11 Lecture,Bakliwal
2025-11-17T23:45:10.599607,C22 Lecture,C22 Lecture,Bakliwal
2025-11-17T23:45:10.599737,C12 Lecture,C12 Lecture,Bakliwal
2025-11-17T23:45:10.599871,P18 Lecture,P18 Lecture,Bakliwal
2025-11-17T23:45:10.600004,C12 Lecture,C12 Lecture,Bakliwal
2025-11-17T23:45:10.600139,M11 Lecture,M11 Lecture,Bakliwal
2025-11-17T23:45:10.600265,M11 Lecture,M11 Lecture,Bakliwal
2025-11-17T23:45:10.600399,P21 Lecture,P21 Lecture,Bakliwal
2025-11-17T23:45:10.600536,P21 Lecture,P21 Lecture,Bakliwal
2025-11-17T23:45:10.600716,P21 Lecture,P21 Lecture,Bakliwal
2025-11-17T23:45:10.600871,C12 Lecture,C12 Lecture,Bakliwal
2025-11-17T23:45:10.601033,P21 Lecture,P21 Lecture,Bakliwal
2025-11-17T23:45:10.601168,M11 Lecture,M11 Lecture,Bakliwal
2025-11-17T23:45:10.601314,C12 Lecture,C12 Lecture,Bakliwal
2025-11-17T23:45:10.601446,M11 Lecture,M11 Lecture,Bakliwal
2025-11-17T23:45:10.601577,C12 Lecture,C12 Lecture,Bakliwal
2025-11-17T23:45:10.601736,C12 Lecture,C12 Lecture,Bakliwal
2025-11-17T23:45:10.601912,M11 Lecture,M11 Lecture,Bakliwal
2025-11-17T23:45:10.602091,M11 Lecture,M11 Lecture,Bakliwal
2025-11-17T23:45:10.602284,C12 Lecture,C12 Lecture,Bakliwal
2025-11-17T23:45:10.602483,P21 Lecture,P21 Lecture,Bakliwal
2025-11-17T23:45:10.602637,P21 Lecture,P21 Lecture,Bakliwal
2025-11-17T23:45:10.602779,C12 Lecture,C12 Lecture,Bakliwal
2025-11-17T23:45:10.602918,C12 Lecture,C12 Lecture,Bakliwal
2025-11-17T23:45:10.603073,P21 Lecture,P21 Lecture,Bakliwal
2025-11-17T23:45:10.603195,M11 Lecture,M11 Lecture,Bakliwal
2025-11-17T23:45:10.603332,Btest 6,Btest 6,Bakliwal
2025-11-17T23:45:10.603466,C12 Lecture,C12 Lecture,Bakliwal
2025-11-17T23:45:10.603603,M11 Lecture,M11 Lecture,Bakliwal
2025-11-17T23:45:10.603746,M11 Lecture,M11 Lecture,Bakliwal
2025-11-17T23:45:10.603881,P21 Lecture,P21 Lecture,Bakliwal
2025-11-17T23:45:10.604016,P21 Lecture,P21 Lecture,Bakliwal
2025-11-17T23:45:10.604172,C12 Lecture,C12 Lecture,Bakliwal
2025-11-17T23:45:10.604312,M11 Lecture,M11 Lecture,Bakliwal
2025-11-17T23:45:10.604466,P21 Lecture,P21 Lecture,Bakliwal
2025-11-17T23:45:10.604586,P21 Lecture,P21 Lecture,Bakliwal
2025-11-17T23:45:10.604723,P21 Lecture,P21 Lecture,Bakliwal
2025-11-17T23:45:10.604851,P21 Lecture,P21 Lecture,Bakliwal
2025-11-17T23:45:10.604996,C-12 Lecture,C-12 Lecture,Bakliwal
2025-11-17T23:45:10.605144,C-12 Lecture,C-12 Lecture,Bakliwal
2025-11-17T23:45:10.605269,M11 Lecture,M11 Lecture,Bakliwal
2025-11-17T23:45:10.605396,P21 Lecture,P21 Lecture,Bakliwal
2025-11-17T23:45:10.605521,C12 Lecture,C12 Lecture,Bakliwal
2025-11-17T23:45:10.605666,P21 Lecture,P21 Lecture,Bakliwal
2025-11-17T23:45:10.605795,M11 Lecture,M11 Lecture,Bakliwal
2025-11-17T23:45:10.605916,C12 Lecture,C12 Lecture,Bakliwal
2025-11-17T23:45:10.606035,M11 Lecture,M11 Lecture,Bakliwal
2025-11-17T23:45:10.606154,P21 Lecture,P21 Lecture,Bakliwal
2025-11-17T23:45:10.606272,C12 Lecture,C12 Lecture,Bakliwal
2025-11-17T23:45:10.606390,P21 Lecture,P21 Lecture,Bakliwal
2025-11-17T23:45:10.606508,P21 Lecture,P21 Lecture,Bakliwal
2025-11-17T23:45:10.606627,M11 Lecture,M11 Lecture,Bakliwal
2025-11-17T23:45:10.606745,C12 Lecture,C12 Lecture,Bakliwal
2025-11-17T23:45:10.606863,M11 Lecture,M11 Lecture,Bakliwal
2025-11-17T23:45:10.606982,P21 Lecture,P21 Lecture,Bakliwal
2025-11-17T23:45:10.607133,M11 Lecture OR Self Study CN Ex:1 & Ex:2,M11 Lecture OR Self Study CN Ex:1 & Ex:2,Bakliwal
2025-11-17T23:45:10.607261,C12 Lecture,C12 Lecture,Bakliwal
2025-11-17T23:45:10.607382,C12 Lecture - G.O.C,C12 Lecture - G.O.C,Bakliwal
2025-11-17T23:45:10.607501,Travelling + C12 Lecture,Travelling + C12 Lecture,Bakliwal
2025-11-17T23:45:10.607672,Travelling + P21 Lecture,Travelling + P21 Lecture,Bakliwal
2025-11-17T23:45:10.607945,Travelling + P21 Lecture,Travelling + P21 Lecture,Bakliwal
2025-11-17T23:45:10.608124,Travelling + P21 Lecture,Travelling + P21 Lecture,Bakliwal
2025-11-17T23:45:10.608367,Travelling + C12 Lecture,Travelling + C12 Lecture,Bakliwal
2025-11-17T23:45:10.608516,Travelling + C12 Lecture,Travelling + C12 Lecture,Bakliwal
2025-11-17T23:45:10.608661,Travelling + M11 Lecture,Travelling + M11 Lecture,Bakliwal
2025-11-17T23:45:10.608802,Travelling + M11 Lecture + C12 Lecture,Travelling + M11 Lecture + C12 Lecture,Bakliwal
2025-11-17T23:45:10.608940,Travelling + M11 Lecture,Travelling + M11 Lecture,Bakliwal
2025-11-17T23:45:10.609107,Travelling + C12 Lecture + P21 Lecture,Travelling + C12 Lecture + P21 Lecture,Bakliwal
2025-11-17T23:45:10.609382,PTM,PTM,Bakliwal
2025-11-17T23:45:10.609873,Travelling + M11 Lecture,Travelling + M11 Lecture,Bakliwal
2025-11-17T23:45:10.610347,M12 Lecture,M12 Lecture,Bakliwal
2025-11-17T23:45:10.611315,P5 Lecture,P5 Lecture,Bakliwal
2025-11-17T23:45:10.612041,Study Room,Study Room,Bakliwal
2025-11-17T23:45:10.612385,P5 Lec,P5 Lec,Bakliwal
2025-11-17T23:45:10.612617,M12 Lecture + Travelling,M12 Lecture + Travelling,Bakliwal
2025-11-17T23:45:10.613000,M12 Lecture + Travelling,M12 Lecture + Travelling,Bakliwal
2025-11-17T23:45:10.613246,M12 Lecture + Travelling,M12 Lecture + Travelling,Bakliwal
2025-11-17T23:45:10.613556,C3 Lecture + Travelling,C3 Lecture + Travelling,Bakliwal
2025-11-17T23:45:10.613964,C3 Lecture + Travelling,C3 Lecture + Travelling,Bakliwal
2025-11-17T23:45:10.614132,BTEST - 14,BTEST - 14,Bakliwal
2025-11-17T23:45:10.614354,P5 Lecture,P5 Lecture,Bakliwal
2025-11-17T23:45:10.614563,M12 Lecture,M12 Lecture,Bakliwal
2025-11-17T23:45:10.614780,C3 Lecture,C3 Lecture,Bakliwal
2025-11-17T23:45:10.614976,P5 Lecture,P5 Lecture,Bakliwal
2025-11-17T23:45:10.615141,M12 Lecture,M12 Lecture,Bakliwal
2025-11-17T23:45:10.615278,C3 Lecture,C3 Lecture,Bakliwal
2025-11-17T23:45:10.615413,C3 Lecture,C3 Lecture,Bakliwal
2025-11-17T23:45:10.615545,M12 Lecture,M12 Lecture,Bakliwal
2025-11-17T23:45:10.615680,P5 Lecture,P5 Lecture,Bakliwal
2025-11-17T23:45:10.615821,M12 Lecture,M12 Lecture,Bakliwal
2025-11-17T23:45:10.616030,C3 Lecture,C3 Lecture,Bakliwal
2025-11-17T23:45:10.616176,BTEST - 15,BTEST - 15,Bakliwal
2025-11-17T23:45:10.616341,C3 Lecture,C3 Lecture,Bakliwal
2025-11-17T23:45:10.616481,M12 Lecture,M12 Lecture,Bakliwal
2025-11-17T23:45:10.616614,P5 Lecture,P5 Lecture,Bakliwal
2025-11-17T23:45:10.616747,P5 Lecture,P5 Lecture,Bakliwal
2025-11-17T23:45:10.616870,P5 Lecture,P5 Lecture,Bakliwal
2025-11-17T23:45:10.616999,C3 Lecture,C3 Lecture,Bakliwal
2025-11-17T23:45:10.617126,C3 Lecture,C3 Lecture,Bakliwal
2025-11-17T23:45:10.617252,C3 Lecture,C3 Lecture,Bakliwal
2025-11-17T23:45:10.617382,M12 Lecture,M12 Lecture,Bakliwal
2025-11-17T23:45:10.617621,M12 Lecture,M12 Lecture,Bakliwal
2025-11-17T23:45:10.617800,C03 Lecture ,C03 Lecture ,Bakliwal
2025-11-17T23:45:10.617936,M12 Lecture,M12 Lecture,Bakliwal
2025-11-17T23:45:10.618071,C03 Lecture ,C03 Lecture ,Bakliwal
2025-11-17T23:45:10.618207,P5 Lecture ,P5 Lecture ,Bakliwal
2025-11-17T23:45:10.618329,P5 Lecture ,P5 Lecture ,Bakliwal
2025-11-17T23:45:10.618463,C03 Lecture ,C03 Lecture ,Bakliwal
2025-11-17T23:45:10.618597,C03 Lecture ,C03 Lecture ,Bakliwal
2025-11-17T23:45:10.618747,P20 Mentorship,P20 Mentorship,Bakliwal
2025-11-17T23:45:10.618902,P5 Lecture ,P5 Lecture ,Bakliwal
2025-11-17T23:45:10.619025,P5 Lecture ,P5 Lecture ,Bakliwal
2025-11-17T23:45:10.619160,C03 Lecture ,C03 Lecture ,Bakliwal
2025-11-17T23:45:10.619295,M12 Lecture,M12 Lecture,Bakliwal
2025-11-17T23:45:10.619429,P5 Lecture [ONLINE],P5 Lecture [ONLINE],Bakliwal
2025-11-17T23:45:10.619563,M12 Lecture,M12 Lecture,Bakliwal
2025-11-17T23:45:10.619693,C03 Lecture ,C03 Lecture ,Bakliwal
2025-11-17T23:45:10.619817,M12 Lecture,M12 Lecture,Bakliwal
2025-11-17T23:45:10.619936,M12 Lecture,M12 Lecture,Bakliwal
2025-11-17T23:45:10.620053,P5 Lecture [ONLINE],P5 Lecture [ONLINE],Bakliwal
2025-11-17T23:45:10.620169,P5 Lecture ,P5 Lecture ,Bakliwal
2025-11-17T23:45:10.620287,P5 Lecture ,P5 Lecture ,Bakliwal
2025-11-17T23:45:10.620407,BTEST 16,BTEST 16,Bakliwal
2025-11-17T23:45:10.620524,C03 Lecture ,C03 Lecture ,Bakliwal
2025-11-17T23:45:10.620661,M12 Lecture,M12 Lecture,Bakliwal
2025-11-17T23:45:10.620784,M12 Lecture,M12 Lecture,Bakliwal
2025-11-17T23:45:10.620936,C03 Lecture ,C03 Lecture ,Bakliwal
2025-11-17T23:45:10.621074,M12 Lecture,M12 Lecture,Bakliwal
2025-11-17T23:45:10.621197,C03 Lec,C03 Lec,Bakliwal
2025-11-17T23:45:10.621318,C03 Lec,C03 Lec,Bakliwal
2025-11-17T23:45:10.621446,C03 Lecture,C03 Lecture,Bakliwal
2025-11-17T23:45:10.621582,P5 Lecture,P5 Lecture,Bakliwal
2025-11-17T23:45:10.621705,P5 Lecture,P5 Lecture,Bakliwal
2025-11-17T23:45:10.621832,C03 Lecture,C03 Lecture,Bakliwal
2025-11-17T23:45:10.621974,C03 Lecture,C03 Lecture,Bakliwal
2025-11-17T23:45:10.622118,M12 Lecture,M12 Lecture,Bakliwal
2025-11-17T23:45:10.622282,P5 Lecture,P5 Lecture,Bakliwal
2025-11-17T23:45:10.622428,C03 Lecture,C03 Lecture,Bakliwal
2025-11-17T23:45:10.622581,P5 Lecture,P5 Lecture,Bakliwal
2025-11-17T23:45:10.622720,Wizzkid Round 1,Wizzkid Round 1,Bakliwal
2025-11-17T23:45:10.622934,M12 Lecture,M12 Lecture,Bakliwal
2025-11-17T23:45:10.623083,C03 Lecture,C03 Lecture,Bakliwal
2025-11-17T23:45:10.623229,M12 Lecture,M12 Lecture,Bakliwal
2025-11-17T23:45:10.623369,C03 Lecture,C03 Lecture,Bakliwal
2025-11-17T23:45:10.623508,P5 Lecture [ONLINE],P5 Lecture [ONLINE],Bakliwal
2025-11-17T23:45:10.623652,M12 Lecture [ONLINE],M12 Lecture [ONLINE],Bakliwal
2025-11-17T23:45:10.623810,Diwali Break,Diwali Break,Bakliwal
2025-11-17T23:45:10.623966,C3 Lecture [ONLINE],C3 Lecture [ONLINE],Bakliwal
2025-11-17T23:45:10.624102,M12 Lecture,M12 Lecture,Bakliwal
2025-11-17T23:45:10.624244,GBT - 3,GBT - 3,Bakliwal
2025-11-17T23:45:10.624582,VB Sir's Webinar,VB Sir's Webinar,Bakliwal
2025-11-17T23:45:10.624863,Complex Numbers - M10 Lecture,Complex Numbers - M10 Lecture,Bakliwal
2025-11-17T23:45:10.625079,IUPAC + GOC - C7 Lecture,IUPAC + GOC - C7 Lecture,Bakliwal
2025-11-17T23:45:10.625323,Remaining Portion of Semiconductors - P16 Lecture,Remaining Portion of Semiconductors - P16 Lecture,Bakliwal
2025-11-17T23:45:10.625507,BTTS - 1 [FORMULA TEST],BTTS - 1 [FORMULA TEST],Bakliwal
2025-11-17T23:45:10.625701,All hydrolysis reactions in inorganic chemistry - C12 Lecture,All hydrolysis reactions in inorganic chemistry - C12 Lecture,Bakliwal
2025-11-17T23:45:10.625874,Trigonometry - M10 Lecture,Trigonometry - M10 Lecture,Bakliwal
2025-11-17T23:45:10.626051,Sequence and Series - M12 Lecture,Sequence and Series - M12 Lecture,Bakliwal
2025-11-17T23:45:10.626226,"Electrostatics, Gravitation - P03 Lecture","Electrostatics, Gravitation - P03 Lecture",Bakliwal
2025-11-17T23:45:10.626400,Thermodynamics and Thermochemistry - C12 Lecture,Thermodynamics and Thermochemistry - C12 Lecture,Bakliwal
2025-11-17T23:45:10.626569,Kinematics 1 D and 2 D - P16 Lecture,Kinematics 1 D and 2 D - P16 Lecture,Bakliwal
2025-11-17T23:45:10.626763,BTTS - 02 ,BTTS - 02 ,Bakliwal
2025-11-17T23:45:10.626975,Quadratic Equation - M12 Lecture,Quadratic Equation - M12 Lecture,Bakliwal
2025-11-17T23:45:10.627116,Isomerism - C07 Lecture,Isomerism - C07 Lecture,Bakliwal
2025-11-17T23:45:10.627255,"Electrostatics, Gravitation - P03 Lecture","Electrostatics, Gravitation - P03 Lecture",Bakliwal
2025-11-17T23:45:10.627393,All heating effects of inorganic Chemistry - C12 Lecture,All heating effects of inorganic Chemistry - C12 Lecture,Bakliwal
2025-11-17T23:45:10.627583,2nd Round details of Special Training Session,2nd Round details of Special Training Session,Bakliwal
2025-11-17T23:45:10.627760,Binomial theorem - M12,Binomial theorem - M12,Bakliwal
2025-11-17T23:45:11.227768,English Project Submission,English Project Submission,Study Deadlines
2025-11-17T23:45:11.228174,Current Electricity Ex: 1,Current Electricity Ex: 1,Study Deadlines
2025-11-17T23:45:11.228388,Current Electricity Ex: 2,Current Electricity Ex: 2,Study Deadlines
2025-11-17T23:45:11.228589,Capacitance Ex: 2,Capacitance Ex: 2,Study Deadlines
2025-11-17T23:45:11.228771,Capacitance Ex: 1,Capacitance Ex: 1,Study Deadlines
2025-11-17T23:45:11.228937,Cengage I.I Ex: 1,Cengage I.I Ex: 1,Study Deadlines
2025-11-17T23:45:11.229080,GNB All Sittings,GNB All Sittings,Study Deadlines
2025-11-17T23:45:11.229221,Weekly Test,Weekly Test,Study Deadlines
2025-11-17T23:45:11.229370,Weekly Test,Weekly Test,Study Deadlines
2025-11-17T23:45:11.229509,BTEST - 15,BTEST - 15,Study Deadlines
2025-11-17T23:45:11.229647,Weekly Test,Weekly Test,Study Deadlines
2025-11-17T23:45:11.229784,🟢SL JEE Adv : 1-15,🟢SL JEE Adv : 1-15,Study Deadlines
2025-11-17T23:45:11.229923,🟡SL JEE Adv : 15-32,🟡SL JEE Adv : 15-32,Study Deadlines
2025-11-17T23:45:11.230060,🟢MHTCET TEST,🟢MHTCET TEST,Study Deadlines
2025-11-17T23:45:11.230197,IUPAC PYQ : 1-18,IUPAC PYQ : 1-18,Study Deadlines
2025-11-17T23:45:11.230333,"🟢Oscillations PYQ : T1 1-15, 24-25","🟢Oscillations PYQ : T1 1-15, 24-25",Study Deadlines
2025-11-17T23:45:11.230608,"🟢Oscillations PYQ : T2 1-11, 17 & T3 : 1-15","🟢Oscillations PYQ : T2 1-11, 17 & T3 : 1-15",Study Deadlines
2025-11-17T23:45:11.230762,Isomerism PYQ : 1-10,Isomerism PYQ : 1-10,Study Deadlines
2025-11-17T23:45:11.230909,Kinetic PYQ : T1 1-20,Kinetic PYQ : T1 1-20,Study Deadlines
2025-11-17T23:45:11.231034,Kinetic PYQ : T1 22-29 & T2 69-75,Kinetic PYQ : T1 22-29 & T2 69-75,Study Deadlines
2025-11-17T23:45:11.231153,Isomerism PYQ : 12-15,Isomerism PYQ : 12-15,Study Deadlines
2025-11-17T23:45:11.231275,SL JEE Adv : 37-47,SL JEE Adv : 37-47,Study Deadlines
2025-11-17T23:45:11.231390,🟢Weekly Test,🟢Weekly Test,Study Deadlines
2025-11-17T23:45:11.231511,Adv TEST,Adv TEST,Study Deadlines
2025-11-17T23:45:11.231628,Circles JEE Adv : 1-15,Circles JEE Adv : 1-15,Study Deadlines
2025-11-17T23:45:11.231767,Kinetics PYQ : T1 1-15 69-75,Kinetics PYQ : T1 1-15 69-75,Study Deadlines
2025-11-17T23:45:11.231892,"Oscillations PYQ : T3 16-38, 53-55","Oscillations PYQ : T3 16-38, 53-55",Study Deadlines
2025-11-17T23:45:11.232008,Kinetics PYQ : T2 1-15 39-43,Kinetics PYQ : T2 1-15 39-43,Study Deadlines
2025-11-17T23:45:11.232125,Circles JEE Adv : 16-32,Circles JEE Adv : 16-32,Study Deadlines
2025-11-17T23:45:11.232247,"SL JEE Adv : 48-67 , 77-79","SL JEE Adv : 48-67 , 77-79",Study Deadlines
2025-11-17T23:45:11.232367,Circles JEE Adv : 33-39,Circles JEE Adv : 33-39,Study Deadlines
2025-11-17T23:45:11.232485,Oscillations PYQ : T4 1-9 11-12,Oscillations PYQ : T4 1-9 11-12,Study Deadlines
2025-11-17T23:45:11.232606,RC PYQ : T1 1-10 21-23 & T2 1-10,RC PYQ : T1 1-10 21-23 & T2 1-10,Study Deadlines
2025-11-17T23:45:11.232725,Weekly Test,Weekly Test,Study Deadlines
2025-11-17T23:45:11.232844,RC PYQ : T2 11-28 47-49,RC PYQ : T2 11-28 47-49,Study Deadlines
2025-11-17T23:45:11.232963,Circles JEE Adv : 40-52,Circles JEE Adv : 40-52,Study Deadlines
2025-11-17T23:45:11.233081,Circles JEE Adv : 91-108,Circles JEE Adv : 91-108,Study Deadlines
2025-11-17T23:45:11.233200,RC PYQ : T3 1-15,RC PYQ : T3 1-15,Study Deadlines
2025-11-17T23:45:11.233320,CN JEE Mains - T1 L2 16-27,CN JEE Mains - T1 L2 16-27,Study Deadlines
2025-11-17T23:45:11.233439,Kinetics PYQ : T3 1-12 19-23,Kinetics PYQ : T3 1-12 19-23,Study Deadlines
2025-11-17T23:45:11.233556,CN JEE Mains - T1 L2 28-39,CN JEE Mains - T1 L2 28-39,Study Deadlines
2025-11-17T23:45:11.233676,CE PYQ : 1-30,CE PYQ : 1-30,Study Deadlines
2025-11-17T23:45:11.233794,CE PYQ : 31-43,CE PYQ : 31-43,Study Deadlines
2025-11-17T23:45:11.233916,RC PYQ : T3 16-35 62-68,RC PYQ : T3 16-35 62-68,Study Deadlines
2025-11-17T23:45:11.234036,RC PYQ : T4 1-16,RC PYQ : T4 1-16,Study Deadlines
2025-11-17T23:45:11.234154,CN JEE Mains - T2 1-20,CN JEE Mains - T2 1-20,Study Deadlines
2025-11-17T23:45:11.234272,Weekly Test,Weekly Test,Study Deadlines
2025-11-17T23:45:11.234390,CE PYQ : 71-78,CE PYQ : 71-78,Study Deadlines
2025-11-17T23:45:11.234519,RC PYQ : T4 27-30,RC PYQ : T4 27-30,Study Deadlines
2025-11-17T23:45:11.234641,IE PYQ : 1-30,IE PYQ : 1-30,Study Deadlines
2025-11-17T23:45:11.234760,MP PYQ : T1 1-15,MP PYQ : T1 1-15,Study Deadlines
2025-11-17T23:45:11.234878,CN JEE Mains - T3 1-15,CN JEE Mains - T3 1-15,Study Deadlines
2025-11-17T23:45:11.234996,IE PYQ : 31-52,IE PYQ : 31-52,Study Deadlines
2025-11-17T23:45:11.235113,CN JEE Mains - T3 16-33,CN JEE Mains - T3 16-33,Study Deadlines
2025-11-17T23:45:11.235231,MP PYQ : T1 16-27 & T2 1-10,MP PYQ : T1 16-27 & T2 1-10,Study Deadlines
2025-11-17T23:45:11.235352,IE PYQ : 94-97,IE PYQ : 94-97,Study Deadlines
2025-11-17T23:45:11.235470,CN JEE Mains - T1 L3 40-57,CN JEE Mains - T1 L3 40-57,Study Deadlines
2025-11-17T23:45:11.235590,Weekly Test,Weekly Test,Study Deadlines
2025-11-17T23:45:11.235727,🔴🔴 BTEST 16,🔴🔴 BTEST 16,Study Deadlines
2025-11-17T23:45:11.235847,Weekly Test,Weekly Test,Study Deadlines
2025-11-17T23:45:11.235976,Weekly Test,Weekly Test,Study Deadlines
2025-11-17T23:45:11.236095,MHTCET Test,MHTCET Test,Study Deadlines
2025-11-17T23:45:11.236229,Adv Test,Adv Test,Study Deadlines
2025-11-17T23:45:11.236365,Weekly Test,Weekly Test,Study Deadlines
2025-11-17T23:45:11.236484,Weekly Test,Weekly Test,Study Deadlines
2025-11-17T23:45:11.236605,Weekly Test,Weekly Test,Study Deadlines
2025-11-17T23:45:11.236733,Weekly Test,Weekly Test,Study Deadlines
2025-11-17T23:56:25.110773,"BTTS  3 Paper 1 : 9:00 - 12:00
BTTS 3 Paper 2 : 13:00 - 16:00

Date : 19/11",BTTS 3 Paper 1,Bakliwal
2025-11-17T23:56:34.024890,"BTTS  3 Paper 1 : 9:00 - 12:00
BTTS 3 Paper 2 : 13:00 - 16:00

Date : 19/11",BTTS 3 Paper 2,Bakliwal
2025-11-18T00:06:22.602065,"BTTS  3 Paper 1 : 9:00 - 12:00
BTTS 3 Paper 2 : 13:00 - 16:00

Date : 19/11",BTTS 3 Paper 1,Bakliwal
2025-11-18T00:06:28.239030,"BTTS  3 Paper 1 : 9:00 - 12:00
BTTS 3 Paper 2 : 13:00 - 16:00

Date : 19/11",BTTS 3 Paper 2,Bakliwal
2025-11-18T00:15:30.178408,"BTTS  3 Paper 1 : 9:00 - 12:00
BTTS 3 Paper 2 : 13:00 - 16:00

Date : 19/11",BTTS 3 Paper 1,Bakliwal
2025-11-18T00:15:34.075960,"BTTS  3 Paper 1 : 9:00 - 12:00
BTTS 3 Paper 2 : 13:00 - 16:00

Date : 19/11",BTTS 3 Paper 2,Bakliwal
2025-11-18T00:16:15.247216,"BTTS  3 Paper 1 : 9:00 - 12:00
BTTS 3 Paper 2 : 13:00 - 16:00

Date : 19/11",BTTS 3 Paper 1,Bakliwal
2025-11-18T00:16:17.797088,"BTTS  3 Paper 1 : 9:00 - 12:00
BTTS 3 Paper 2 : 13:00 - 16:00

Date : 19/11",BTTS 3 Paper 2,Bakliwal
2025-11-18T00:25:33.961719,"BTTS  3 Paper 1 : 9:00 - 12:00
BTTS 3 Paper 2 : 13:00 - 16:00

Date : 19/11",BTTS 3 Paper 1,Bakliwal
2025-11-18T00:25:38.503342,"BTTS  3 Paper 1 : 9:00 - 12:00
BTTS 3 Paper 2 : 13:00 - 16:00

Date : 19/11",BTTS 3 Paper 2,Bakliwal
2025-11-18T00:27:39.307338,"BTTS  3 Paper 1 : 9:00 - 12:00
Date : 19/11",BTTS 3 Paper 1,Bakliwal
2025-11-18T00:30:22.339339,"BTTS  3 Paper 1 : 9:00 - 12:00
Date : 19/11",BTTS 3 Paper 1,Bakliwal
2025-11-18T00:31:45.649451,"Bakliwal Tutorials : VB Sir’s Webinar Reminder

Dear Student,

We would like to remind you of VB sir’s webinar tonight, where he will discuss the detailed Revision and Test Series planning. He will also cover a few points that will help you get in the right frame of mind for revision.

VB sir’s Webinar Date: 18th Nov 2025 (Tuesday)
Webinar Time:  7:00 pm to 9:00 pm 
Reporting time: 6:45 pm (A riddle will be discussed from 6:50 pm to 7:10 pm after which the session will begin)

Link to Join the Webinar: https://us06web.zoom.us/j/82052656850?pwd=ubX6ynwUNKao2KTwQhNJM8NDgAxgyb.1
Meeting ID: 820 5265 6850
Passcode: 552242

Please note that due to the participant limit on Zoom, only the first 1,000 students will be able to join the webinar there on a first-come, first-served basis. The rest of the students can attend the webinar via YouTube Live.

The YouTube link will be shared at around 6:30 pm on the same day on your Telegram channel.

Kindly attend this webinar (along with your parents) 'live' as per the schedule above, as the recording of this webinar will not be provided.

Best regards,
BT Team.",VB Sir's Webinar (Revision & Test Series Planning),Bakliwal
2025-11-18T00:31:55.960890,"Bakliwal Tutorials : VB Sir’s Webinar Reminder

Dear Student,

We would like to remind you of VB sir’s webinar tonight, where he will discuss the detailed Revision and Test Series planning. He will also cover a few points that will help you get in the right frame of mind for revision.

VB sir’s Webinar Date: 18th Nov 2025 (Tuesday)
Webinar Time:  7:00 pm to 9:00 pm 
Reporting time: 6:45 pm (A riddle will be discussed from 6:50 pm to 7:10 pm after which the session will begin)

Link to Join the Webinar: https://us06web.zoom.us/j/82052656850?pwd=ubX6ynwUNKao2KTwQhNJM8NDgAxgyb.1
Meeting ID: 820 5265 6850
Passcode: 552242

Please note that due to the participant limit on Zoom, only the first 1,000 students will be able to join the webinar there on a first-come, first-served basis. The rest of the students can attend the webinar via YouTube Live.

The YouTube link will be shared at around 6:30 pm on the same day on your Telegram channel.

Kindly attend this webinar (along with your parents) 'live' as per the schedule above, as the recording of this webinar will not be provided.

Best regards,
BT Team.",VB Sir Webinar Reporting Time / Riddle Discussion,Bakliwal
2025-11-18T20:19:54.321355,"Reminder: C26 BTTS-03

Dear Students,

This is a gentle reminder that the C26 BTTS-03 Exam Scheduled on BT Portal.

Date: 19 November 2025

Paper 1: 9:00 am to 12:00 noon
Paper 2: 2:30 pm to 5:30 pm

Login Time Paper 1 : 9:00 am to 9:15 am
Login Time Paper 2 : 2:30 pm to 2:45 pm

If you try to log in after 9:15 am for Paper 1 and after 2:45 pm for Paper 2, the test will not be visible on the portal. We will not allot the test under any circumstances to students who log in after these times.
Please start your test within the given time frame only.

💻 ONLINE Mode:
Join the Zoom meeting at least 20 minutes before the exam, along with your parents, for invigilation purposes.

Click the link below to access the online test:
🔗 BT Online Test Portal: https://exams.bakliwaltutorialsiit.com/

We suggest you login well before the exam and check to avoid the last minute issue.

If your test is submitted or you face any issues, please contact your invigilator immediately to have your test reset.

❓ Login Issues:
If you face any problems with your username or password, reach out to us at:
📞 8888828145 / 8888840195

📧 academics@bakliwaltutorialsiit.com (Academics - BT Team)

Important Note:
The detailed video solutions along with the answer key will be shared on your Telegram channel after the completion of the BTest.

Wishing you all the very best for your Exam!

Warm Regards,
BT  Team",C26 BTTS-03 Exam - Paper 1 (Online/Zoom Required),Bakliwal
2025-11-18T20:20:03.487484,"Reminder: C26 BTTS-03

Dear Students,

This is a gentle reminder that the C26 BTTS-03 Exam Scheduled on BT Portal.

Date: 19 November 2025

Paper 1: 9:00 am to 12:00 noon
Paper 2: 2:30 pm to 5:30 pm

Login Time Paper 1 : 9:00 am to 9:15 am
Login Time Paper 2 : 2:30 pm to 2:45 pm

If you try to log in after 9:15 am for Paper 1 and after 2:45 pm for Paper 2, the test will not be visible on the portal. We will not allot the test under any circumstances to students who log in after these times.
Please start your test within the given time frame only.

💻 ONLINE Mode:
Join the Zoom meeting at least 20 minutes before the exam, along with your parents, for invigilation purposes.

Click the link below to access the online test:
🔗 BT Online Test Portal: https://exams.bakliwaltutorialsiit.com/

We suggest you login well before the exam and check to avoid the last minute issue.

If your test is submitted or you face any issues, please contact your invigilator immediately to have your test reset.

❓ Login Issues:
If you face any problems with your username or password, reach out to us at:
📞 8888828145 / 8888840195

📧 academics@bakliwaltutorialsiit.com (Academics - BT Team)

Important Note:
The detailed video solutions along with the answer key will be shared on your Telegram channel after the completion of the BTest.

Wishing you all the very best for your Exam!

Warm Regards,
BT  Team",C26 BTTS-03 Exam - Paper 2 (Online/Zoom Required),Bakliwal
2025-11-19T12:34:07.525964,"Today, 12:30 to 14:00 -> SnS PYQs
17:30 - 18:00 -> Break
18:00 - 19:00 -> CS Preboards
19:00 - 21:00 -> Read 2 Chem Chapters from NCERT
21:00 - 22:00 -> Break + Dinner
22:00 - 23:00 -> Daily Int + Flashcards
23:00 - 23:30 -> Get Ready to Sleep + Journaling",SnS PYQs,Study Timetable
2025-11-19T12:34:13.527441,"Today, 12:30 to 14:00 -> SnS PYQs
17:30 - 18:00 -> Break
18:00 - 19:00 -> CS Preboards
19:00 - 21:00 -> Read 2 Chem Chapters from NCERT
21:00 - 22:00 -> Break + Dinner
22:00 - 23:00 -> Daily Int + Flashcards
23:00 - 23:30 -> Get Ready to Sleep + Journaling",Break,My Routine
2025-11-19T12:34:33.255005,"Today, 12:30 to 14:00 -> SnS PYQs
17:30 - 18:00 -> Break
18:00 - 19:00 -> CS Preboards
19:00 - 21:00 -> Read 2 Chem Chapters from NCERT
21:00 - 22:00 -> Break + Dinner
22:00 - 23:00 -> Daily Int + Flashcards
23:00 - 23:30 -> Get Ready to Sleep + Journaling",Read 2 Chemistry Chapters from NCERT,Study Timetable
2025-11-19T12:34:38.425767,"Today, 12:30 to 14:00 -> SnS PYQs
17:30 - 18:00 -> Break
18:00 - 19:00 -> CS Preboards
19:00 - 21:00 -> Read 2 Chem Chapters from NCERT
21:00 - 22:00 -> Break + Dinner
22:00 - 23:00 -> Daily Int + Flashcards
23:00 - 23:30 -> Get Ready to Sleep + Journaling",Break + Dinner,My Routine
2025-11-19T12:34:48.421724,"Today, 12:30 to 14:00 -> SnS PYQs
17:30 - 18:00 -> Break
18:00 - 19:00 -> CS Preboards
19:00 - 21:00 -> Read 2 Chem Chapters from NCERT
21:00 - 22:00 -> Break + Dinner
22:00 - 23:00 -> Daily Int + Flashcards
23:00 - 23:30 -> Get Ready to Sleep + Journaling",Daily Integration + Flashcards,Study Timetable
2025-11-19T12:34:55.254541,"Today, 12:30 to 14:00 -> SnS PYQs
17:30 - 18:00 -> Break
18:00 - 19:00 -> CS Preboards
19:00 - 21:00 -> Read 2 Chem Chapters from NCERT
21:00 - 22:00 -> Break + Dinner
22:00 - 23:00 -> Daily Int + Flashcards
23:00 - 23:30 -> Get Ready to Sleep + Journaling",Get Ready to Sleep + Journaling,My Routine
2025-11-19T12:35:48.564785,18:00 - 19:00 -> CS SQL Revision,CS SQL Revision,Study Timetable
2025-11-25T01:17:37.166100,SnS PYQs,SnS PYQs,Study Timetable
2025-11-25T01:17:42.390074,Break,Break,My Routine
2025-11-25T01:17:46.728321,CS Preboards,CS Preboards,CPS 
2025-11-25T01:17:58.070973,Read 2 Chem Chapters from NCERT,Read 2 Chem Chapters from NCERT,Study Timetable
2025-11-25T01:19:10.054370,Break + Dinner,Break + Dinner,My Routine
2025-11-25T01:19:17.989932,Daily Int + Flashcards,Daily Int + Flashcards,Study Timetable
2025-11-25T01:19:23.019064,Get Ready to Sleep + Journaling,Get Ready to Sleep + Journaling,Personal Events
